,smiles,lgHL
0,Brc1cc(Br)c(cc1Oc1cc(Br)c(cc1Br)Br)Br,4.72
1,C=O,-1.08
2,CCC1(C(=O)NC(=O)NC1=O)c1ccccc1,2
3,CCC1(NC(=O)N(C1=O)C)c1ccccc1,0.845
4,OC1CCC(=C)C(=CC=C2CCCC3(C2CCC3C(C=CC(C(C)C)C)C)C)C1,1.53
5,ClCCN(P1(=O)NCCCO1)CCCl,0.903
6,OCC(=O)C1(O)CCC2C1(C)CC(O)C1C2CCC2=CC(=O)CCC12C,0.204
7,OCC(=O)C1(O)CCC2C1(C)CC(O)C1C2CCC2=CC(=O)C=CC12C,0.531
8,Oc1ccc2c(c1)CCC1C2CCC2(C1CCC2O)C,0.23
9,ClC(C(c1ccc(cc1)Cl)c1ccc(cc1)Cl)(Cl)Cl,4.28
10,O=C1CCC(C(=O)N1)N1C(=O)c2c(C1=O)cccc2,0.672
11,COC(=O)C1C(CC2N(C1CC2)C)OC(=O)c1ccccc1,-0.119
12,CCN(C(=O)C1CN(C)C2C(=C1)c1cccc3c1c(C2)c[nH]3)CC,0.477
13,CNCCCN1c2ccccc2CCc2c1cccc2,1.34
14,CN(CCC=C1c2ccccc2CCc2c1cccc2)C,1.23
15,CN(CCCN1c2ccccc2CCc2c1cccc2)C,1.2
16,CSc1ccc2c(c1)N(CCC1CCCCN1C)c1c(S2)cccc1,1.36
17,CN(CCCN1c2ccccc2Sc2c1cc(Cl)cc2)C,1.04
18,Cc1ccc(cc1)N(c1cccc(c1)O)CC1=NCCN1,-0.499
19,CC(=O)Oc1ccccc1C(=O)O,-0.585
20,CCN(CCNC(=O)c1ccc(cc1)N)CC,0.491
21,Fc1c[nH]c(=O)[nH]c1=O,-0.602
22,OCC(c1ccccc1)C(=O)OC1CC2N(C(C1)C1C2O1)C,0.653
23,OC(=O)C(Cc1cc(I)c(c(c1)I)Oc1cc(I)c(c(c1)I)O)N,2.19
24,CCCc1cc(=O)[nH]c(=S)[nH]1,0.114
25,OCC(c1ccccc1)C(=O)OC1CC2CCC(C1)N2C,0.613
26,ClCCN(CCCl)C,-0.602
27,CC(=O)SC1CC2=CC(=O)CCC2(C2C1C1CCC3(C1(CC2)C)CCC(=O)O3)C,-0.778
28,S=P(N1CC1)(N1CC1)N1CC1,0.431
29,COc1ccc(cc1OC)CCN(CCCC(c1ccc(c(c1)OC)OC)(C(C)C)C#N)C,0.447
30,NC(C(S)(C)C)C(=O)O,0
31,Fc1ccc(cc1)C(=O)CCCN1CCC(CC1)(O)c1ccc(cc1)Cl,1.54
32,OCC(=O)C1(O)CCC2C1(C)CC(=O)C1C2CCC2=CC(=O)C=CC12C,0.462
33,Oc1ccc2c(c1)CCC1C2CCC2(C1CCC2=O)C,1.28
34,ClC(C(c1ccccc1Cl)c1ccc(cc1)Cl)Cl,3.33
35,O=C1OCC2(C(C1)CCC1C2CCC2(C1CCC2(C)O)C)C,0.954
36,COc1ccc2c(c1)c(CC(=O)O)c(n2C(=O)c1ccc(cc1)Cl)C,0.146
37,CCN(CCCC(Nc1ccnc2c1ccc(c2)Cl)C)CC,2.76
38,CN1CCCC1c1cccnc1,0.301
39,OC(=O)c1cc(c(cc1NCc1ccco1)Cl)S(=O)(=O)N,0.398
40,O=C(C(c1cccnc1)(C)C)c1cccnc1,0.279
41,CCC1C(=O)OCC1Cc1cncn1C,-0.119
42,NNC(=O)c1ccncc1,0
43,O=N(=O)OC(CON(=O)=O)CON(=O)=O,-1.3
44,CS(=O)(=O)OCCCCOS(=O)(=O)C,0.531
45,O=C1NC(=O)C(C(=O)N1C)(C)C1=CCCCC1,0.69
46,C=CC1CN2CCC1CC2C(c1ccnc2c1cc(OC)cc2)O,0.82
47,OCC(C(c1ccc(cc1)N(=O)=O)O)NC(=O)C(Cl)Cl,0.663
48,OC1C=CC2C34C1Oc1c4c(CC2N(CC3)C)ccc1O,0.301
49,O=C1NC(=O)NC1(c1ccccc1)c1ccccc1,1.34
50,CCOC(=O)C1(CCN(CC1)C)c1ccccc1,0.898
51,CCCC(COC(=O)N)(COC(=O)N)C,1.15
52,C#CC1(O)CCC2C1(C)CCC1C2CCc2c1ccc(c2)O,0.987
53,CCCN(S(=O)(=O)c1ccc(cc1)C(=O)O)CCC,0.771
54,ClC1CC2C(C1Cl)C1(C(C2(Cl)C(=C1Cl)Cl)(Cl)Cl)Cl,3.32
55,O=C1CCC2(C(=C1)CCC1C2CCC2(C1CCC2C(=O)C)C)C,1.65
56,OCC1OC(OC2C(OC3C(O)C(O)C(C(C3NC(=N)N)O)NC(=N)N)OC(C2(O)C=O)C)C(C(C1O)O)NC,0.633
57,O=C1N(c2ccccc2)N(C(=O)C1CCS(=O)c1ccccc1)c1ccccc1,0.792
58,CN1CCc2c3C1Cc1ccc(c(c1c3ccc2)O)O,-0.167
59,Cn1cnc2c1c(=O)n(C)c(=O)n2C,0.69
60,CCc1nc(N)nc(c1c1ccc(cc1)Cl)N,2.15
61,O=C1CCC2(C(=C1)CCC1C2CCC2(C1CCC2O)C)C,0.263
62,CN=C1CN(O)C(=c2c(=N1)ccc(c2)Cl)c1ccccc1,0.919
63,OCCN(c1nc(N2CCCCC2)c2c(n1)c(nc(n2)N(CCO)CCO)N1CCCCC1)CCO,-0.176
64,CN1CCN(CC1)CCCN1c2ccccc2Sc2c1cc(Cl)cc2,0.954
65,OCCN1CCN(CC1)CCCN1c2ccccc2Sc2c1cc(Cl)cc2,0.973
66,CN(CCCN1c2ccccc2Sc2c1cccc2)C,0.898
67,CCC(=C)C(=O)c1ccc(c(c1Cl)Cl)OCC(=O)O,0.156
68,Cn1c(=O)n(C)c2c(c1=O)[nH]cn2,0.857
69,CN(CCOC(c1ccccc1)c1ccccc1)C,0.968
70,COc1ccc(cc1OC)Cc1nccc2c1cc(OC)c(c2)OC,0.255
71,ClC1C(Cl)C(Cl)C(C(C1Cl)Cl)Cl,3.07
72,Clc1cc2NCNS(=O)(=O)c2cc1S(=O)(=O)N,1.01
73,CNCC(c1cccc(c1)O)O,0.439
74,CCN(CCOC(=O)c1ccc(cc1)N)CC,-0.892
75,CC(=O)Nc1nnc(s1)S(=O)(=O)N,1.11
76,NC(=O)NN=Cc1ccc(o1)N(=O)=O,0.699
77,OC(=O)C(Cc1ccc(c(c1)O)O)N,0.114
78,ClCCN(C(COc1ccccc1)C)Cc1ccccc1,1.38
79,NCCCCCC(=O)O,0.69
80,Cn1cc[nH]c1=S,0.38
81,ClC1=C(Cl)C2(C(C1(Cl)C1C2C2CC1C1C2O1)(Cl)Cl)Cl,3.95
82,O=c1cc(n(n1c1ccccc1)C)C,1.08
83,CN(C(CN1c2ccccc2Sc2c1cccc2)C)C,1.09
84,COc1ccc2c(c1)N(CC(CN(C)C)C)c1c(S2)cccc1,1.48
85,COc1cccc(c1C(=O)NC1C(=O)N2C1SC(C2C(=O)O)(C)C)OC,-0.194
86,O=C(Cc1ccccc1)NC1C(=O)N2C1SC(C2C(=O)O)(C)C,-0.155
87,OC(=O)c1ccccc1Nc1cccc(c1C)C,0.301
88,CCOc1ccc(cc1)NC(=O)C,-0.0362
89,CCN(C(=O)C1CN2CCc3c(C2CC1OC(=O)C)cc(c(c3)OC)OC)CC,0.114
90,O=C(Cc1ccccc1)NC(=O)N,1.37
91,CCCCNC(=O)NS(=O)(=O)c1ccc(cc1)C,0.845
92,COc1c(OC)cc2c(c1OC)c1ccc(c(=O)cc1C(CC2)NC(=O)C)OC,1.76
93,OC(=O)C1N2C(=O)C(C2SC1(C)C)NC(=O)c1c(C)onc1c1ccccc1,-0.155
94,O=C1NC(=O)N(C1)N=Cc1ccc(o1)N(=O)=O,-0.0132
95,O=C1OCCN1N=Cc1ccc(o1)N(=O)=O,-0.778
96,ClC(Cl)Cl,0.176
97,OCC(=O)C12OC(OC1CC1C2(C)CC(O)C2(C1CC(C1=CC(=O)C=CC21C)F)F)(C)C,0.176
98,CC(CCCC(C1CCC2C1(C)CCCC2=CC=C1CC(O)CCC1=C)C)C,2.83
99,C#CC1(O)CCC2C1(C)CCC1C2CCC2=CC(=O)CCC12,0.845
100,Nc1ccc(cc1)S(=O)(=O)Nc1ncccn1,0.845
101,OCCOCCN1CCN(CC1)C(c1ccc(cc1)Cl)c1ccccc1,1.35
102,NC(c1ccccc1)C(=O)NC1C(=O)N2C1SC(C2C(=O)O)(C)C,0.146
103,OCC(C(C(C(CO)O)O)O)O,0.222
104,NCCCCCN(C(=O)CCC(=O)NCCCCCN(C(=O)CCC(=O)NCCCCCN(C(=O)C)O)O)O,0.778
105,c1ccccc1,1.38
106,O=C1OCC(=C1)C1CCC2(C1(C)CCC1C2CCC2C1(C)CCC(C2)OC1CC(O)C(C(O1)C)OC1CC(O)C(C(O1)C)OC1CC(O)C(C(O1)C)O)O,2.26
107,ClC(=C(c1ccc(cc1)Cl)c1ccc(cc1)Cl)Cl,4.88
108,CNCCC=C1c2ccccc2CCc2c1cccc2,1.48
109,COc1ccc2c(c1)c(CCNC(=O)C)c[nH]2,-0.15
110,O=S1(=O)NC(Cc2ccccc2)Nc2c1cc(c(c2)C(F)(F)F)S(=O)(=O)N,0.929
111,CCC(NCCNC(CO)CC)CO,0.491
112,ClC=C,-1
113,FC(Cl)(Cl)Cl,0.176
114,FC(Cl)(Cl)F,0.176
115,OCC(=O)C12OC(OC1CC1C2(C)CC(O)C2(C1CCC1=CC(=O)C=CC21C)F)(C)C,0.38
116,O=C1CCC2(C34C1Oc1c4c(CC2N(CC3)C)ccc1O)O,0.114
117,COc1ccc2c3c1OC1C43CCN(C(C2)C4(O)CCC1=O)C,0.74
118,O=C1CCC2(C(=C1)CCC1C2(F)C(O)CC2(C1CCC2(C)O)C)C,0.964
119,COc1ccc2c3c1OC1C43CCN(C(C2)C4C=CC1O)C,0.602
120,CCCC(C1(CC)C(=O)NC(=O)NC1=O)C,1.34
121,CCCC(C1(CC)C(=O)NC(=S)NC1=O)C,0.301
122,CCC(=O)C(c1ccccc1)(c1ccccc1)CC(N(C)C)C,1.49
123,Oc1ccc2c(c1)C13CCCCC3C(C2)N(CC1)C,1.13
124,C1CCC(CC1)(N1CCCCC1)c1ccccc1,1.2
125,CCC1(CCC(=O)NC1=O)c1ccccc1,1.04
126,C=CCC1(CC(C)C)C(=O)NC(=O)NC1=O,1.54
127,CCCCC1(CC)C(=O)NC(=O)NC1=O,1.57
128,O=C1NC(c2c1cccc2)(O)c1ccc(c(c1)S(=O)(=O)N)Cl,1.56
129,OC(c1ccccc1)(C1CCCCC1)CCN1CCCC1,1.08
130,CN1C(=O)CC(C1=O)(C)c1ccccc1,0.301
131,CC1(CC)CC(=O)NC1=O,1.72
132,CCCC(COC(=O)N)(COC(=O)NC(C)C)C,0.903
133,CCC(=O)C,0.0792
134,ClC=C(Cl)Cl,1.6
135,ClC(C(=O)O)Cl,-0.187
136,CC(c1cc(Br)c(c(c1)Br)O)(c1cc(Br)c(c(c1)Br)O)C,2.33
137,CC(c1ccc(cc1)O)(c1ccc(cc1)O)C,0.301
138,Nc1ccc(cc1)S(=O)(=O)c1ccc(cc1)N,1.34
139,OCC(=O)C1(O)CCC2C1(C)CC(O)C1C2CC(C2=CC(=O)C=CC12C)C,0.362
140,CCN(CCCC(Nc1c2cc(OC)ccc2nc2c1ccc(c2)Cl)C)CC,2.08
141,CN(CCOC(c1ccccc1C)c1ccccc1)C,1.22
142,CCCCOC(=O)c1ccccc1C(=O)OCc1ccccc1,-0.602
143,CCN1C(=O)NC(C1=O)c1ccccc1,0.778
144,CCN(Cc1cc(ccc1O)Nc1ccnc2c1ccc(c2)Cl)CC,0.813
145,COP(=S)(SCn1nnc2c(c1=O)cccc2)OC,1.48
146,NNc1nncc2c1cccc2,-0.0177
147,O=C(NC1C(=O)N2C1SC(C2C(=O)O)(C)C)COc1ccccc1,-0.0757
148,O=N(=O)OC1COC2C1OCC2ON(=O)=O,0.227
149,Clc1c(Cl)cccc1Cl,1.68
150,Clc1c(O)c(Cl)c(c(c1Cl)Cl)Cl,1.48
151,Nc1ccc(c(c1)C(=O)O)O,-0.215
152,NCCCC(Nc1cc(OC)cc2c1nccc2)C,0.851
153,CNC(C(c1ccccc1)O)C,1.1
154,CCN(C(=O)N1CCN(CC1)C)CC,0.903
155,CN(CCN(c1ccccn1)Cc1cccs1)C,0.204
156,c1ccc(cc1)c1ccccc1,0.278
157,OCC(COc1ccccc1OC)O,0
158,CCCNC(=O)NS(=O)(=O)c1ccc(cc1)Cl,1.66
159,OC(=O)COc1ccc(cc1Cl)Cl,1.52
160,Cc1ccccc1C,1.59
161,CN1CCCCC1C(=O)Nc1c(C)cccc1C,0.301
162,O=N(=O)c1ccccc1,1.78
163,NC(=O)c1cnccn1,0.978
164,CCCC(C(=O)O)CCC,1.08
165,Clc1ccc(cc1)N(=O)=O,2.33
166,Nc1ccc(cc1)N(=O)=O,0.301
167,NC(=N)c1ccc(cc1)OCCCCCOc1ccc(cc1)C(=N)N,1.4
168,CNC(Cc1ccccc1)(C)C,1.24
169,c1ccc(cc1)Oc1ccccc1,1.92
170,CC(=O)Nc1ccc(cc1)O,0.398
171,OCC(COc1ccc(cc1)Cl)O,0.562
172,COCCOCCOCCOCCOCCOCCOCCOCCOCCOC(=O)c1ccc(cc1)NCCCC,0.74
173,Cc1ccc(cc1)C,1.48
174,NCC(=O)CCC(=O)O,-0.0809
175,Cc1cccc(c1)C,1.52
176,Oc1ccccc1,0.544
177,NC(=N)N,0.875
178,O=C(C1CN(C)C2C(=C1)c1cccc3c1c(C2)c[nH]3)NC1(C)OC2(N(C1=O)C(Cc1ccccc1)C(=O)N1C2CCC1)O,0.322
179,CCC(C#C)(C=CCl)O,1.78
180,CCC(NC(=O)C1CN(C)C2C(=C1)c1cccc3c1c(C2)c[nH]3)CO,0.53
181,COC(=O)C(c1ccccc1)C1CCCCN1,0.681
182,CN(CCC=C1c2ccccc2Sc2c1cc(Cl)cc2)C,1
183,CCC1(C(=O)NC(=O)N(C1=O)C)c1ccccc1,1.53
184,CCC1(C)OC(=O)N(C1=O)C,1.26
185,Oc1cc(O)c2c(c1)oc(c(c2=O)O)c1ccc(c(c1)O)O,-0.222
186,CCCCC(COC(=O)c1ccccc1C(=O)OCC(CCCC)CC)CC,-0.125
187,CC(=O)Nc1c(I)c(NC(=O)C)c(c(c1I)C(=O)O)I,0.255
188,OCCN(CCCC(Nc1ccnc2c1ccc(c2)Cl)C)CC,2.93
189,Clc1c(Cl)c(Cl)c(c(c1Cl)Cl)Cl,4.25
190,O=N(=O)c1ccc(c(c1)N(=O)=O)C,0.301
191,CCOC(=O)CC(C(=O)OCC)SP(=S)(OC)OC,1.2
192,CC(Cc1ccccc1)(N)C,1.37
193,O1CCOCC1,-2.41E-16
194,OC(=O)CCCCCCCC(=O)O,-0.125
195,OCC(=O)C1(O)C(O)CC2C1(C)CC(O)C1(C2CCC2=CC(=O)C=CC12C)F,0.166
196,COc1ccc2c3c1OC1C43CCN(C(C2)C4CCC1=O)C,0.327
197,CCC1(C(=O)NCNC1=O)c1ccccc1,1.11
198,CCC1(CC)C(=O)NCC(C1=O)C,1.04
199,COc1ccc2c(c1)C13CCCCC3C(C2)N(CC1)C,0.653
200,CCC1(CCC(=O)NC1=O)c1ccc(cc1)N,1.1
201,COC1=CC(=O)CC(C21Oc1c(C2=O)c(OC)cc(c1Cl)OC)C,1.18
202,C#CC1(CCCCC1)OC(=O)N,0.349
203,NC(=O)NO,0.531
204,OCC(=O)C1(O)CCC2C1(C)CC(O)C1(C2CCC2=CC(=O)CCC12C)F,0.544
205,Nc1ccc(cc1)S(=O)(=O)Nc1onc(c1C)C,0.869
206,OC1CCC2(C(C1)CCC1C2CCC2(C1CCC2C(=O)C)C)C,0.672
207,CN(CCC(c1ccccn1)c1ccc(cc1)Br)C,1.4
208,CN(CCC(c1ccccn1)c1ccc(cc1)Cl)C,1.34
209,CC1NCCOC1c1ccccc1,1.37
210,FC(c1cc2NCNS(=O)(=O)c2cc1S(=O)(=O)N)(F)F,0.716
211,CCN(CC(=O)Nc1c(C)cccc1C)CC,0.204
212,COc1cc(cc(c1OC)OC)C(=O)NCc1ccc(cc1)OCCN(C)C,0.903
213,OC(c1ccccc1)(C1CCCCC1)CCN1CCCCC1,0.602
214,OS(=O)CNc1ccc(cc1)S(=O)(=O)c1ccc(cc1)NCS(=O)O,0.74
215,CC(=O)NS(=O)(=O)c1ccc(cc1)N,0.996
216,Nc1ccc(cc1)S(=O)(=O)Nc1nnc(s1)C,0.74
217,Nc1ccc(cc1)S(=O)(=O)Nc1ccccn1,1
218,O=C1CN=C(c2c(N1)ccc(c2)N(=O)=O)c1ccccc1,1.41
219,COC(=O)C1C(O)CCC2C1CC1N(C2)CCc2c1[nH]c1c2cccc1,-0.222
220,CCOc1ccc2c(c1C(=O)NC1C(=O)N3C1SC(C3C(=O)O)(C)C)cccc2,-0.155
221,CC(C(=O)NC1C(=O)N2C1SC(C2C(=O)O)(C)C)Oc1ccccc1,-0.041
222,OCC1OC(C(C1O)O)n1ccc(nc1=O)N,-0.778
223,c1scc(n1)c1nc2c([nH]1)cccc2,0.0792
224,ClCCN(c1ccc(cc1)CC(C(=O)O)N)CCCl,0
225,CCC#CC(C1(CC=C)C(=O)NC(=O)N(C1=O)C)C,0.204
226,C=CCN1CCC23C(C1Cc1c3cc(cc1)O)CCCC2,0
227,O=C1CCC2(C(=C1)C=CC1C2CCC2(C1CCC2C(=O)C)C)C,0.778
228,CC(=O)OCC1=C(C(=O)O)N2C(SC1)C(C2=O)NC(=O)Cc1cccs1,-0.0223
229,ClCCNC(=O)N(CCCl)N=O,-0.432
230,NC1CC1c1ccccc1,0.792
231,CN(C(Cc1ccccc1)C)Cc1ccccc1,1.37
232,ClC=CCl,-0.523
233,NC(=O)N1c2ccccc2C=Cc2c1cccc2,1.65
234,COc1c2oc(=O)ccc2cc2c1occ2,0.301
235,CC(Cc1ccccc1)N,0.863
236,N#CC(c1ccccc1)(c1ccccc1)CCN1CCC(CC1)(N1CCCCC1)C(=O)N,0.903
237,CN(CCCN1c2ccccc2CCc2c1cc(Cl)cc2)C,1.41
238,CN(CCC=C1c2ccccc2C=Cc2c1cccc2)C,1.26
239,CN(CCCN1c2ccccc2CCc2c1ccc(c2)O)C,1
240,SC(C(C(=O)O)S)C(=O)O,1.68
241,ClCCN(c1ccc(cc1)CCCC(=O)O)CCCl,0.0414
242,OC(=O)C(C(C(C(C(F)(F)F)(F)F)(F)F)(F)F)(F)F,2.68
243,CCN1CC(C(C1=O)(c1ccccc1)c1ccccc1)CCN1CCOCC1,0.613
244,OCC1OC(C(C1O)O)n1cnc(nc1=O)N,-0.444
245,Nc1c2CCCCc2nc2c1cccc2,0.519
246,OC(=O)C(C(C(C(C(C(C(F)(F)F)(F)F)(F)F)(F)F)(F)F)(F)F)(F)F,4.68
247,COCCOc1cnc(nc1)NS(=O)(=O)c1ccccc1,0.602
248,FC(C(C(C(C(C(S(=O)(=O)O)(F)F)(F)F)(F)F)(F)F)(F)F)(F)F,4.81
249,COc1ccc2c3c1OC1C3(CCN(C2)C)C=CC(C1)O,0.724
250,CC(=CCN1CCC2(C(C1Cc1c2cc(cc1)O)C)C)C,0.398
251,CCN(CCNC(=O)c1cc(Cl)c(cc1OC)N)CC,0.857
252,Clc1ccc2c(c1)S(=O)(=O)N=C(N2)C,1.68
253,CCn1cc(C(=O)O)c(=O)c2c1nc(C)cc2,0.255
254,Nc1nc(N)c2c(n1)nc(c(n2)c1ccccc1)N,0.633
255,CCC(=O)N(c1ccccc1)C1CCN(CC1)CCc1ccccc1,0.477
256,Clc1ccc2c(c1)C(=NCC(=O)N2C)c1ccccc1,1.62
257,OCCn1c(C)ncc1N(=O)=O,0.851
258,Cn1cnc(c1Sc1ncnc2c1[nH]cn2)N(=O)=O,0.699
259,CCOc1ccc2c(c1)sc(n2)S(=O)(=O)N,0.602
260,CC(Cc1ccc(cc1)Cl)(N)C,1.6
261,CN(CCOC(c1ccccn1)(c1ccccc1)C)C,1
262,CCC(=O)OC(c1ccccc1)(C(CN(C)C)C)Cc1ccccc1,1.26
263,CCC(=O)C1(CCN(CC1)C)c1cccc(c1)O,0.362
264,COc1cc(cc(c1OC)OC)C1C2C(=O)OCC2C(c2c1cc1OCOc1c2)O,0.439
265,OCC(Cn1cnc2c1c(=O)n(C)c(=O)n2C)O,0.23
266,Cc1ccc(cc1)C(=CCN1CCCC1)c1ccccn1,0.699
267,CN(CCOC(c1ccccn1)c1ccc(cc1)Cl)C,1.18
268,O=C1CCC(N1C)c1cccnc1,1.23
269,OC(c1ccccc1)C(N)C,0.716
270,OC(C1CC2CC1C=C2)(c1ccccc1)CCN1CCCCC1,1.38
271,O=C1CCC2(C(=C1)C(C)CC1C2CCC2(C1CCC2(O)C(=O)C)C)C,1.32
272,OC(COc1cccc2c1cccc2)CNC(C)C,0.531
273,CCOC(=O)C1C(CC2N(C1CC2)C)OC(=O)c1ccccc1,0.176
274,COc1ccccc1OCC(COC(=O)N)O,0.0755
275,CC(OC(=O)c1ccccc1)CNC1CCCCC1,-0.778
276,Cc1ncsc1CCCl,0.653
277,CCc1nccc(c1)C(=S)N,0.398
278,CNC(Cc1ccccc1)C,1.08
279,CC(=O)NO,0.875
280,Oc1cc(C)c2c3c1C(=O)c1c(O)cc(c4c1c3c1c3c2c(C)cc(c3C(=O)c2c1c4c(O)cc2O)O)O,1.62
281,Fc1ccc(cc1)C(=O)CCCN1CCC(=CC1)n1c(=O)[nH]c2c1cccc2,0.349
282,Oc1ccccc1C(=O)Oc1ccccc1C(=O)O,0
283,CC(=O)N=c1sc(nn1C)S(=O)(=O)N,1.15
284,OC(=O)C(Cc1ccc(c(c1)O)O)(N)C,0.771
285,CC(=O)OC1C=CC2C34C1Oc1c4c(CC2N(CC3)C)ccc1OC(=O)C,0.398
286,Clc1ccc(cc1)C(c1ccccc1)N1CCN(CC1)Cc1cccc(c1)C,0.778
287,OC(c1cc(O)cc(c1)O)CNC(C)C,0.778
288,CCCCOc1ccc(cc1)C(=O)CCN1CCCCC1,-0.125
289,OC(=O)C1=CC(=NNc2ccc(cc2)S(=O)(=O)Nc2ccccn2)C=CC1=O,0.875
290,O=C1Nc2ccc(cc2C(=NC1O)c1ccccc1)Cl,0.826
291,SCC(C(=O)O)NC(=O)C,0.74
292,CC1N(C)CCOC1c1ccccc1,1.33
293,CCOC(=O)C(Oc1ccc(cc1)Cl)(C)C,1.3
294,OC(=O)c1ccccc1Nc1c(Cl)ccc(c1Cl)C,0.484
295,CN(c1nc(nc(n1)N(C)C)N(C)C)C,0.872
296,NC(=NCCN1CCCCCCC1)N,1.56
297,CN(C(=N)N=C(N)N)C,0.23
298,CNNCc1ccc(cc1)C(=O)NC(C)C,-0.778
299,Oc1ccc(cc1)CC(C(=O)O)(N)C,0.55
300,CCNCC(c1cccc(c1)O)O,0.342
301,CCCNC(C(=O)Nc1ccccc1C)C,0.255
302,Nc1ccc(cc1)S(=O)(=O)Nc1noc(c1)C,0.991
303,COc1cc(Cc2cnc(nc2N)N)cc(c1OC)OC,0.982
304,CN(CC(CN1c2ccccc2CCc2c1cccc2)C)C,1.36
305,CCCCCC(C=CC1C(O)CC(=O)C1CCCCCCC(=O)O)O,-0.903
306,NC12CC3CC(C2)CC(C1)C3,1.2
307,C#CC1(O)CCC2C1(CC)CCC1C2CCC2=CC(=O)CCC12,0.973
308,O=C1C=CC2(C(=C1)CCC1C2CCC2(C1CCC2O)C)C,2.53
309,Clc1ccc2c(c1)C(=NC(C(=O)N2)O)c1ccccc1Cl,1.23
310,Clc1ccc2c(c1)C(=NC(C(=O)N2C)O)c1ccccc1,1.18
311,Clc1ccc2c(c1)C(=NC(C(=O)N2C)O)c1ccccc1Cl,0.69
312,CCN(CCOc1ccc(cc1)C(=C(c1ccccc1)Cl)c1ccccc1)CC,2.16
313,CCOC(=O)C1(CCN(CC1)CCC(c1ccccc1)(c1ccccc1)C#N)c1ccccc1,1.11
314,O=C(NS(=O)(=O)c1ccc(cc1)C(=O)C)NC1CCCCC1,0.114
315,OC(c1ccccc1)(c1ccccc1)CCCN1CCCCC1,0.602
316,O=C1CN=C(c2c(N1)ccc(c2)Cl)c1ccccc1,1.66
317,CCN(C(CN1c2ccccc2Sc2c1cccc2)C)CC,0.176
318,NCC(c1ccc(cc1)Cl)CC(=O)O,0.179
319,O=C(NS(=O)(=O)c1ccc(cc1)C)NN1CCCCCC1,0.845
320,Brc1c(Oc2c(Br)c(Br)c(c(c2Br)Br)Br)c(Br)c(c(c1Br)Br)Br,2.46
321,NCC1CCC(CC1)C(=O)O,0.362
322,CCC1CN2CCC1CC2C(c1ccnc2c1cc(OC)cc2)O,0.756
323,CCC(C(c1ccccc1)(c1ccccc1)CC(N(C)C)C)OC(=O)C,1.26
324,O=C1CN=C(c2c(N1)ccc(c2)N(=O)=O)c1ccccc1Cl,1.58
325,CN1C(=O)CN=C(c2c1ccc(c2)N(=O)=O)c1ccccc1F,1.4
326,O=C1NCC(O1)COc1cc(C)cc(c1)C,0.964
327,CN(CCC=C1c2ccccc2OCc2c1cccc2)C,1.18
328,CNC1C(O)C2OC3OC(C)CC(=O)C3(OC2C(C1O)NC)O,0.255
329,Nc1nc2c(s1)cc(cc2)OC(F)(F)F,1.08
330,Clc1cc2Oc3cc(Cl)c(cc3Oc2cc1Cl)Cl,4.83
331,FC(C(C(C(C(S(=O)(=O)O)(F)F)(F)F)(F)F)(F)F)(C(C(C(F)(F)F)(F)F)(F)F)F,4.62
332,CN(CCOC(c1ccc(cc1)Br)c1ccccc1)C,0.398
333,O=C1CN=C(c2c(N1)ccc(c2)Br)c1ccccn1,1.32
334,CCNc1nc(NC(C)C)nc(n1)Cl,1.48
335,CC(=O)CNc1c(I)c(NC(=O)C)c(c(c1I)C(=O)O)I,0.114
336,CCCCc1oc2c(c1C(=O)c1cc(I)c(c(c1)I)OCCN(CC)CC)cccc2,2.91
337,CCCCCc1cc(O)c2c(c1)OC(C1C2C=C(C)CC1)(C)C,1.52
338,NC(=NC(=O)c1nc(Cl)c(nc1N)N)N,0.875
339,Clc1ccc(cc1)Nc1cc2nc3ccccc3n(c2cc1=NC(C)C)c1ccc(cc1)Cl,2.38
340,Clc1cccc(c1)c1cccc(c1)Cl,0.738
341,Clc1ccc(cc1)c1ccc(cc1)Cl,1.38
342,Clc1c(c2c(Cl)c(Cl)c(c(c2Cl)Cl)Cl)c(Cl)c(c(c1Cl)Cl)Cl,5.48
343,Clc1ccccc1c1ccccc1,1.31
344,Clc1cccc(c1)c1ccccc1,0.619
345,Clc1ccc(cc1)c1ccccc1,0.613
346,Fc1ccc(cc1)C(c1ccc(cc1)F)CCCN1CCC(CC1)n1c(=O)[nH]c2c1cccc2,1.46
347,Fc1ccc(cc1)C(=O)CCCN1CCC(CC1)n1c(=O)[nH]c2c1cccc2,0.763
348,CC(c1cccc(c1O)C(C)C)C,0.505
349,O=C1C=C2C(=CC3C(C2(C2C1C2)C)CCC1(C3CCC1(O)C(=O)C)C)Cl,1.86
350,CNC(=O)c1c(I)c(NC(=O)C)c(c(c1I)C(=O)O)I,0.114
351,Oc1ccc2c(c1)Oc1c(C32OC(=O)c2c3cccc2)ccc(c1)O,0.204
352,CC(N(CC#C)C)Cc1ccccc1,0.114
353,OCC1OC(CC1O)n1cnc(nc1=O)N,-0.237
354,Clc1ccc(c(c1)Cl)c1ccc(cc1Cl)Cl,3.48
355,OCCN1CCN(CC1)CCC=C1c2ccccc2Sc2c1cc(cc2)C(F)(F)F,1.46
356,O=C1CN=C(c2c(N1)ccc(c2)Cl)c1ccccc1Cl,2.3
357,Clc1ccc2c(c1)C(=NCC(=O)N2CC1CC1)c1ccccc1,2.07
358,Clc1ccc(cc1)c1cccc(c1)Cl,1.39
359,ClCCN(C(=O)Oc1ccc2c(c1)CCC1C2CCC2(C1CCC2O)C)CCCl,1.3
360,Cc1cn(C2OC(C=C2)CO)c(=O)[nH]c1=O,0.146
361,CC1OC(C(C1O)O)n1cc(F)c(=O)[nH]c1=O,-0.456
362,OC(=O)C1N2C(=O)C(C2SC1(C)C)NC(=O)c1c(C)onc1c1c(Cl)cccc1Cl,-0.0555
363,BrC1CCC(Br)C(Br)CCC(C(CCC1Br)Br)Br,3.25
364,CCNC(Cc1cccc(c1)C(F)(F)F)C,1.15
365,Clc1c2Oc3c(Oc2c(c(c1Cl)Cl)Cl)c(Cl)c(c(c3Cl)Cl)Cl,4.82
366,OCC(=O)C12OC(OC1CC1C2(C)CC(O)C2C1CC(C1=CC(=O)C=CC21C)F)(C)C,0.255
367,OCC1OC(CC1O)n1cc(C)c(=O)[nH]c1=O,1.18
368,O=C(c1ccccc1)NCCC(=O)O,-0.229
369,O=C1CCC2(C(=C1)C(=CC1C2CCC2(C1CCC2(O)C(=O)C)C)C)C,1.53
370,CC1CCN(CC1)CCCC(=O)c1ccc(cc1)F,0.591
371,CCC(COC(c1ccccc1)(c1ccccc1)C(=O)OCCN(C)C)CC,1.53
372,CC(N(C(C)C)CCC(c1ccccn1)(c1ccccc1)C(=O)N)C,0.845
373,ClCCNP1(=O)OCCCN1CCCl,0.82
374,CC(NCC(c1ccc(cc1)NS(=O)(=O)C)O)C,0.799
375,CCN(CCNC(=O)c1cc(Br)c(cc1OC)N)CC,0.462
376,OCC1OC(CC1O)n1cnc2c1nc(Cl)nc2N,1.2
377,CN(NN=C1N=CN=C1C(=O)N)C,0.792
378,OC(=O)c1cccnc1Nc1cccc(c1)C(F)(F)F,0.398
379,OCC(=O)C1(O)C(C)CC2C1(C)CC(O)C1(C2CCC2=CC(=O)C=CC12C)Cl,0.447
380,OC(=O)P(=O)(O)O,0.672
381,OCC1OC(C(C1OC1OC(CO)C(C(C1O)O)O)O)(O)CO,0.267
382,O=C(C(c1ccccc1)C(=O)O)NC1C(=O)N2C1SC(C2C(=O)O)(C)C,0.0414
383,ClCCN(C(=O)Oc1ccc2c(c1)CCC1C2CCC2(C1CCC2OP(=O)(O)O)C)CCCl,0.38
384,NC(=NN=Cc1c(Cl)cccc1Cl)N,0.778
385,O=C1NCC2(O1)CCN(CC2)CCc1ccccc1,1.15
386,OC(=O)C(c1ccc(c(c1)F)c1ccccc1)C,0.716
387,O=C1C(NC(=O)c2c(C)onc2c2c(F)cccc2Cl)C2N1C(C(=O)O)C(S2)(C)C,0.146
388,Brc1ccc(c(c1)Br)Oc1ccc(cc1Br)Br,4.14
389,CCC(=O)OC1(C(C)CC2C1(C)CC(O)C1(C2CCC2=CC(=O)C=CC12C)Cl)C(=O)COC(=O)CC,-0.301
390,CSCCC(C(=O)NC(C(=O)NC(C(=O)N)Cc1ccccc1)CC(=O)O)NC(=O)C(Cc1c[nH]c2c1cccc2)NC(=O)CCNC(=O)OCC(C)C,-0.778
391,CN1CCCCC1CCN1c2ccccc2Sc2c1cc(cc2)S(=O)C,1.56
392,CN1CCN(CC1)CCC=C1c2ccccc2Sc2c1cc(cc2)S(=O)(=O)N(C)C,1.18
393,CCN(CC#CCOC(=O)C(c1ccccc1)(C1CCCCC1)O)CC,0.857
394,CN1CCN(CC1)C1=c2ccccc2=Nc2c(N1)cc(Cl)cc2,1
395,CN1CC(CC2C1Cc1c[nH]c3c1c2ccc3)C(=O)NC1(C)OC2(N(C1=O)C(Cc1ccccc1)C(=O)N1C2CCC1)O,0.954
396,C=CCOc1ccccc1OCC(CNC(C)C)O,0.176
397,CC(=O)CCCCn1c(=O)c2n(C)cnc2n(c1=O)C,0.0792
398,C1CCC(NC1)CC(C1CCCCC1)C1CCCCC1,1.98
399,CNC1(CCCCC1=O)c1ccccc1Cl,0.447
400,OC(=O)C(Cc1cc(I)c(c(c1)I)Oc1ccc(c(c1)I)O)N,1.78
401,CC(=O)OC1CC2(C(C1=C(C(=O)O)CCC=C(C)C)CC(C1C2(C)CCC2C1(C)CCC(C2C)O)O)C,0.74
402,Clc1ccc(cc1)c1ccc(cc1Cl)Cl,3.72
403,CN(N=Nc1ccc(cc1)C(=O)O)C,0.398
404,O=C1CN(C(=O)N1)N=Cc1ccc(o1)c1ccc(cc1)N(=O)=O,1
405,Nc1ccn(c(=O)n1)C1CCC(O1)CO,0.0792
406,CC(NCC(c1ccc(c(c1)O)O)O)C,-0.387
407,CC(=O)OCC1=C(N2C(SC1)C(C2=O)NC(=O)CC#N)C(=O)O,0.0792
408,COc1ccc(cc1C(=O)NCCc1ccc(cc1)S(=O)(=O)NC(=O)NC1CCCCC1)Cl,0.342
409,CNCCCC12CCC(c3c1cccc3)c1c2cccc1,1.71
410,CCC(=C(c1ccccc1)c1ccc(cc1)OCCN(C)C)c1ccccc1,2.16
411,OC(=O)CCCCCCCCOC(=O)C=C(CC1OCC(C(C1O)O)CC1OC1C(C(O)C)C)C,-0.301
412,ClCCN(C(=O)NC1CCCCC1)N=O,0.195
413,Clc1ccccc1c1ccccc1Cl,1.48
414,CC(Cc1ccc(cc1)O)NCC(c1cc(O)cc(c1)O)O,-0.0605
415,CC(C12CC3CC(C2)CC(C1)C3)N,1.44
416,OC(COc1cccc2c1cc[nH]2)CNC(C)C,0.342
417,CCCC1C(=O)n2n(C1=O)c1cc(C)ccc1nc2N(C)C,1.23
418,N#CC1=C(O)C2C3(C(C1)(C)C1CCC4(C(C1CC3)CCC4O)C)O2,0.903
419,C=CCc1ccccc1OCC(CNC(C)C)O,0.398
420,CN1CCOC(c2c(C1)cccc2)c1ccccc1,0.699
421,Clc1ccc2c(c1)C(=Nc1c(O2)cccc1)N1CCNCC1,0.903
422,C1CN2C(=NC(C2)c2ccccc2)S1,0.74
423,O=C1OC2C(C1C)(O)C13C4(C2)C(OC3=O)CC(C24C(O1)OC(=O)C2O)C(C)(C)C,0.58
424,O=C1OC2C(C1C)(O)C13C4(C2O)C(OC3=O)CC(C24C(O1)OC(=O)C2O)C(C)(C)C,0.716
425,OC(=O)Cc1ccccc1Nc1c(Cl)cccc1Cl,0.146
426,CCN1CCCC1CNC(=O)c1cc(ccc1OC)S(=O)(=O)N,0.845
427,NC(c1ccccc1)C(=O)NC1C(=O)N2C1SCC(=C2C(=O)O)C,-0.244
428,CC(Cc1ccc(cc1)C(C(=O)O)C)C,0.204
429,OC(=O)C1=CC(=NNc2ccc(c(c2)C(=O)O)O)C=CC1=O,-0.0458
430,CC(NC(C)(C)C)CC(c1ccccc1)c1ccccc1,1.75
431,Clc1cc(Cl)c(cc1c1ccccc1)Cl,1.99
432,Clc1cccc(c1c1c(Cl)cccc1Cl)Cl,2.01
433,C1C(C2C(O1)C(CO2)O)O,0.613
434,O=N(=O)OC1COC2C1OCC2O,0.279
435,OC(COc1cccc2c1c(=O)cc(o2)C(=O)O)COc1ccc2c(c1)c(=O)cc(o2)C(=O)O,0.114
436,O=C1CCC2(C34C1Oc1c4c(CC2N(CC3)CC2CC2)ccc1O)O,0.431
437,Clc1ccc(cc1)c1cc(Cl)ccc1Cl,2.06
438,C#CC1(O)CCC2C1(C)CCC1C2CCC2=Cc3c(CC12C)cno3,1.38
439,CC1Nc2cc(Cl)c(cc2C(=O)N1c1ccccc1C)S(=O)(=O)N,1.3
440,CCN(CCN1C(=O)CN=C(c2c1ccc(c2)Cl)c1ccccc1F)CC,0.362
441,CCCC1CN(C(C1)C(=O)NC(C1OC(SC)C(C(C1O)O)O)C(Cl)C)C,0.322
442,OCc1cc(ccc1O)C(CNC(C)(C)C)O,0.38
443,OCC1OC(O)C(C(C1O)O)NC(=O)N(N=O)C,-0.778
444,COc1cc2nc(nc(c2cc1OC)N)N1CCN(CC1)C(=O)c1ccco1,0.301
445,CCS(=O)(=O)CCn1c(C)ncc1N(=O)=O,1.11
446,Clc1c(Cl)cc2c(c1Cl)Oc1c(O2)cc(c(c1Cl)Cl)Cl,4.78
447,Clc1cccc(c1)N1CCN(CC1)CCCn1nc2n(c1=O)cccc2,0.863
448,CC12CC3CC(C1)(C)CC(C2)(C3)N,1.9
449,NCCCNCCSP(=O)(O)O,-0.875
450,OC1CCC2(C34C1Oc1c4c(CC2N(CC3)CC2CCC2)ccc1O)O,0.568
451,O=C1OCC(=C1)C1CCC2(C1(C)C(O)CC1C2CCC2C1(C)CCC(C2)OC1CC(O)C(C(O1)C)OC1CC(O)C(C(O1)C)OC1CC(O)C(C(O1)C)O)O,1.58
452,COc1cccc2c1C(=O)c1c(C2=O)c(O)c2c(c1O)C(OC1CC(N)C(C(O1)C)O)CC(C2)(O)C(=O)C,1.27
453,O=C(NS(=O)(=O)c1ccc(cc1)C)NN1CC2C(C1)CCC2,1.04
454,OC(=O)CCc1nc(c(o1)c1ccccc1)c1ccccc1,1.74
455,O=C(NC1C(=O)N2C1SCC(=C2C(=O)O)COC(=O)C)CSc1ccncc1,0.0792
456,OCC1OC(C(C1O)O)n1cnc2c1nc(F)nc2N,1.04
457,OCc1cc2CCC(Nc2cc1N(=O)=O)CNC(C)C,0.243
458,COC(=O)C1=C(C)NC(=C(C1c1ccccc1N(=O)=O)C(=O)OC)C,0.279
459,OC(=O)C(c1cccc(c1)C(=O)c1ccccc1)C,0.322
460,NC(=NCC1COC2(O1)CCCCC2)N,1
461,COc1ccc2c(c1)ccc(c2)C(C(=O)O)C,1.18
462,Clc1ccc(cc1)C1(O)c2ccccc2C2=NCCN12,1.06
463,Clc1ccc2c(c1)N(C(=O)CC(=O)N2C)c1ccccc1,1.26
464,Fc1ccc(c(c1)F)c1ccc(c(c1)C(=O)O)O,1
465,OC(c1cc(O)cc(c1)O)CNC(C)(C)C,1.18
466,CC1OC1P(=O)(O)O,0.279
467,OCC(=O)C1(O)CC(OC2CC(N)C(C(O2)C)O)c2c(C1)c(O)c1c(c2O)C(=O)c2c(C1=O)cccc2OC,1.51
468,CC(Sc1cc(c(c(c1)C(C)(C)C)O)C(C)(C)C)(Sc1cc(c(c(c1)C(C)(C)C)O)C(C)(C)C)C,2.41
469,Clc1ccccc1C(n1cncc1)(c1ccccc1)c1ccccc1,0.301
470,OC(=O)C1N=C(c2ccccc2)c2c(NC1=O)ccc(c2)Cl,0.38
471,CN1CCN2C(C1)c1ccccc1Cc1c2cccc1,1.13
472,CN1CC(c2ccccc2)c2c(C1)c(N)ccc2,0.813
473,C#CC1(O)CCC2C1(C)CCC1C2CCc2c1ccc(c2)OS(=O)(=O)O,0.924
474,NC(=O)OCC(c1ccccc1)COC(=O)N,1.33
475,Clc1cccc(c1)c1ccccc1Cl,1.78
476,CC(CC1C(=O)N2CCCC2C2(N1C(=O)C(O2)(NC(=O)C1CN(C)C2C(=C1)c1cccc3c1c(C2)c([nH]3)Br)C(C)C)O)C,0.978
477,Cc1ccc(c(c1)OCCCC(C(=O)O)(C)C)C,0.176
478,O=C(NC1C(=O)N2C1SCC(=C2C(=O)O)CSc1nnc(s1)C)Cn1cnnn1,0.23
479,OC(=O)Cc1ccc(n1C)C(=O)c1ccc(cc1)C,0.699
480,Oc1ccc(cc1)CCNC(C(c1ccc(cc1)O)O)C,0.415
481,O=C(C(c1ccc(cc1)O)N)NC1C(=O)N2C1SC(C2C(=O)O)(C)C,0.0414
482,CC1Cc2c(N1NC(=O)c1ccc(c(c1)S(=O)(=O)N)Cl)cccc2,1.15
483,OC(COc1nsnc1N1CCOCC1)CNC(C)(C)C,0.342
484,O=C(c1ccccc1)NC1CCN(CC1)CCc1cc2c([nH]1)cccc2,0.633
485,COc1cccc(c1)C1(O)CCCCC1CN(C)C,0.763
486,CCCCNc1cc(cc(c1Oc1ccccc1)S(=O)(=O)N)C(=O)O,0.0792
487,FCOC(C(F)(F)F)C(F)(F)F,1.28
488,CCn1nc(C(=O)O)c(=O)c2c1cc1OCOc1c2,0.176
489,O=C1Cc2ccccc2N(c2c1cccc2)C(=O)N,0.301
490,NNC(C(=O)O)(Cc1ccc(c(c1)O)O)C,0.176
491,Clc1ccc2c(c1)C(=NCc1n2c(C)nn1)c1ccccc1Cl,0.431
492,Clc1ccc2c(c1)C(=NCc1n2c(C)nn1)c1ccccc1,1.08
493,Cc1ncc(nc1)C(=O)NCCc1ccc(cc1)S(=O)(=O)NC(=O)NC1CCCCC1,0.519
494,O=C(Cc1c(Cl)cccc1Cl)N=C(N)N,1.18
495,OC(COc1ccc(cc1)CC(=O)N)CNC(C)C,0.785
496,OCC1OC(=O)N(C1)c1cccc(c1)C,0.204
497,COc1cc(cc(c1O)OC)C1C2C(=O)OCC2C(c2c1cc1OCOc1c2)OC1OC2COC(OC2C(C1O)O)c1cccs1,1.2
498,Clc1ccc2c(c1)C(=NCc1n2cnn1)c1ccccc1,1.23
499,OCC1OC(CC1N=N#N)n1cc(C)c(=O)[nH]c1=O,0.114
500,CC(C1=NCCN1)Oc1c(Cl)cccc1Cl,1.04
501,COC(=O)Nc1nc2c([nH]1)cc(cc2)C(=O)c1ccccc1,0.0414
502,Clc1cc(Cl)c(cc1c1ccc(c(c1)Cl)Cl)Cl,4.66
503,CC(COc1c(C)cccc1C)N,0.996
504,CCOC(=O)Nc1ccc2c(c1)N(C(=O)CCN1CCOCC1)c1c(S2)cccc1,0.301
505,OC1CC(O)C(=C)C(=CC=C2CCCC3(C2CCC3C(CCCC(O)(C)C)C)C)C1,0.813
506,Clc1ccc(c(c1)Cl)c1ccc(c(c1)Cl)Cl,3.2
507,Clc1ccc(c(c1)c1ccc(c(c1)Cl)Cl)Cl,2.07
508,Clc1ccc(cc1)c1c(Cl)cc(cc1Cl)Cl,3.48
509,Clc1ccc(cc1Cl)c1ccc(c(c1)Cl)Cl,2.82
510,Clc1ccc(cc1Cl)c1ccc(c(c1Cl)Cl)Cl,4.33
511,Clc1ccc(cc1)c1cc(Cl)c(cc1Cl)Cl,3.93
512,Clc1cc(cc(c1Cl)Cl)c1cc(Cl)c(c(c1)Cl)Cl,4.87
513,CCN(CCNC(=O)c1ccc(cc1)NC(=O)C)CC,0.806
514,OC(=O)C1N2C(=O)C(C2SC1(C)C)N=CN1CCCCCC1,0.0414
515,OC(=O)C(c1ccc(s1)C(=O)c1ccccc1)C,0.301
516,Clc1ccc(cc1)c1ccc(c(c1Cl)Cl)Cl,3.31
517,Clc1cc(Cl)c(c(c1c1c(Cl)cc(c(c1Cl)Cl)Cl)Cl)Cl,4.78
518,CCOC(=O)c1cncn1C(c1ccccc1)C,0.663
519,Clc1ccc(c(c1)Cl)c1ccccc1,1.58
520,Clc1cc(Cl)c(c(c1Cl)c1ccccc1)Cl,3.01
521,COc1ccc2c(c1)C(=O)N(C(=O)C2(C)C)CCc1ccc(cc1)S(=O)(=O)NC(=O)NC1CCCCC1,0.903
522,COc1cc(cc(c1O)OC)C1C2C(=O)OCC2C(c2c1cc1OCOc1c2)OC1OC2COC(OC2C(C1O)O)C,0.756
523,O=C1OC2C3(C1)C(=O)OC1C3(C(C2)(O)C(C)(C)C)C(O)C(=O)O1,0.505
524,CCc1sc2c(c1)C(=NCC(=O)N2C)c1ccccc1Cl,0.602
525,O=C(C(c1ccccc1)N)NC1C(=O)N2C1SC(C2C(=O)OCOC(=O)C(C)(C)C)(C)C,0
526,OC(C(=O)NC1C(=O)N2C1SCC(=C2C(=O)O)CSc1nnnn1C)c1ccccc1,-0.125
527,CN1CCC(=C2c3ccccc3CC(=O)c3c2ccs3)CC1,1.32
528,OC(=O)C(c1cccc(c1)Oc1ccccc1)C,0.477
529,COc1ccccc1N1CCN(CC1)CCCNc1cc(=O)n(c(=O)n1C)C,0.544
530,O=C(C(c1cscc1)C(=O)O)NC1C(=O)N2C1SC(C2C(=O)O)(C)C,0
531,O=C1C(O)CC(N1C)c1cccnc1,0.771
532,Clc1cccc(c1)C(=O)C(NC(C)(C)C)C,1.38
533,Clc1ccc(c(c1)c1ccccc1)Cl,1.58
534,Clc1cc(Cl)cc(c1)c1ccccc1,1.08
535,Clc1ccc(cc1)c1ccccc1Cl,1.64
536,Clc1cc(Cl)c(cc1c1cc(Cl)c(cc1Cl)Cl)Cl,5.11
537,Clc1cc(Cl)c(cc1c1ccc(c(c1Cl)Cl)Cl)Cl,4.93
538,Clc1cc(Cl)c(cc1c1cc(Cl)c(c(c1Cl)Cl)Cl)Cl,5.65
539,Clc1c(Cl)ccc(c1Cl)c1cc(Cl)c(c(c1Cl)Cl)Cl,5.36
540,ON=C1CCC2C(=C1)CCC1C2CCC2(C1CCC2(C#C)OC(=O)C)CC,1.32
541,COC1(NC(=O)Cc2cccs2)C(=O)N2C1SCC(=C2C(=O)O)COC(=O)N,-0.0915
542,Clc1cc(Cl)c(c(c1)Cl)c1ccccc1,1.88
543,Clc1ccc(cc1c1cc(Cl)ccc1Cl)Cl,3.66
544,Clc1ccc(c(c1)Cl)c1cc(Cl)c(c(c1Cl)Cl)Cl,5.4
545,COc1c(OC)c(OC)cc2c1nc(nc2N)N1CCN(CC1)C(=O)OCC(O)(C)C,0.491
546,Clc1c(Cl)cc2c(c1Cl)Oc1c(O2)c(Cl)c(c(c1Cl)Cl)Cl,4.6
547,O=C1CC2(CCCC2)CC(=O)N1CCCCN1CCN(CC1)c1ncccn1,0.398
548,OC(COc1ccccc1C1CCCC1)CNC(C)(C)C,1.38
549,Clc1ccc(c(c1)Cl)c1cccc(c1Cl)Cl,3.25
550,Clc1ccc2c(c1)C(=NCC(=S)N2CC(F)(F)F)c1ccccc1F,1.59
551,OCC1OC(C(C1O)O)n1cnc(n1)C(=O)N,1.65
552,O=C(C(c1ccccc1)NC(=O)N1CCNC1=O)NC1C(=O)N2C1SC(C2C(=O)O)(C)C,0.0792
553,CN(Cc1nnc2n1c1ccc(cc1C(=NC2)c1ccccc1)Cl)C,0.322
554,OC(c1cc(Cl)c(c(c1)Cl)N)CNC(C)(C)C,1.57
555,OC1COC(C(C1OS(=O)(=O)O)OS(=O)(=O)O)OC1COC(C(C1OS(=O)(=O)O)OS(=O)(=O)O)O,0.681
556,CCCC(=O)Nc1ccc(c(c1)C(=O)C)OCC(CNC(C)C)O,0.544
557,Clc1ccc(c(c1)c1ccccc1Cl)Cl,2.48
558,Clc1ccc(c(c1)Cl)c1ccccc1Cl,2.18
559,Clc1cc(Cl)cc(c1)c1ccccc1Cl,2.04
560,Clc1cccc(c1)c1ccc(c(c1)Cl)Cl,1.76
561,Clc1ccc(c(c1)c1cc(Cl)c(cc1Cl)Cl)Cl,3.48
562,OC(COc1ccccc1C)CNCCOc1ccc(cc1)C(=O)N,0.398
563,OC(=O)CC1=C(C)C(=Cc2ccc(cc2)S(=O)C)c2c1cc(F)cc2,0.892
564,Clc1ccc(c(c1)c1c(Cl)ccc(c1Cl)Cl)Cl,3.01
565,Clc1ccc(c(c1)Cl)c1cc(Cl)c(cc1Cl)Cl,4.48
566,Clc1ccc(c(c1)c1ccc(c(c1Cl)Cl)Cl)Cl,3.23
567,Clc1cc(ccc1Cl)c1c(Cl)ccc(c1Cl)Cl,3.16
568,Clc1cc(Cl)c(cc1c1c(Cl)ccc(c1Cl)Cl)Cl,3.64
569,Clc1ccc(c(c1Cl)Cl)c1c(Cl)ccc(c1Cl)Cl,3.48
570,Clc1c(ccc(c1Cl)Cl)c1ccc(c(c1Cl)Cl)Cl,4.55
571,Clc1ccc(cc1Cl)c1cc(Cl)c(c(c1Cl)Cl)Cl,5.36
572,CCCCN1CCCCC1C(=O)Nc1c(C)cccc1C,0.491
573,Clc1ccc(c(c1c1c(Cl)ccc(c1Cl)Cl)Cl)Cl,2.94
574,Clc1c(Cl)cc(c(c1Cl)Cl)c1c(Cl)ccc(c1Cl)Cl,3.4
575,Clc1cccc(c1c1ccccc1Cl)Cl,1.78
576,Clc1cccc(c1)c1c(Cl)cccc1Cl,2.25
577,Clc1cccc(c1c1ccc(cc1)Cl)Cl,2.7
578,Clc1ccccc1c1cccc(c1Cl)Cl,2.7
579,Clc1ccc(c(c1)c1cccc(c1)Cl)Cl,2.14
580,Clc1ccc(cc1)c1cccc(c1Cl)Cl,1.5
581,Clc1cc(ccc1Cl)c1ccccc1Cl,1.97
582,Clc1cccc(c1)c1cc(Cl)cc(c1)Cl,1.77
583,Clc1ccc(cc1)c1cc(Cl)cc(c1)Cl,1.78
584,Clc1ccc(cc1)c1ccc(c(c1)Cl)Cl,1.78
585,Clc1c(Cl)cccc1c1cccc(c1Cl)Cl,2.96
586,CCOC(=O)C1(CCC=CC1NC)c1ccccc1,0.643
587,O=C(C(C1=CCC=CC1)N)NC1C(=O)N2C1SCC(=C2C(=O)O)C,-0.0706
588,Clc1c(Cl)c(Cl)c2c(c1Cl)oc1c2c(Cl)c(c(c1Cl)Cl)Cl,4.18
589,Clc1cc2Oc3c(Oc2cc1Cl)c(Cl)c(c(c3Cl)Cl)Cl,4.93
590,Clc1ccc(c(c1)Cl)c1c(Cl)cc(cc1Cl)Cl,3.78
591,CCOC(=O)C1=C(C)NC(=C(C1c1cccc(c1)N(=O)=O)C(=O)OC)C,0.914
592,Clc1cc(cc(c1Cl)Cl)c1cc(Cl)c(c(c1Cl)Cl)Cl,5.39
593,NNc1nnc2c(c1)CN(CC2)C(=O)c1ccccc1,0.748
594,Clc1cc(Cl)c(c(c1)c1c(Cl)cc(c(c1Cl)Cl)Cl)Cl,4.64
595,Clc1cc(Cl)c(c(c1Cl)Cl)c1c(Cl)c(Cl)cc(c1Cl)Cl,4.88
596,Clc1cc(c(c(c1Cl)Cl)Cl)c1c(Cl)c(Cl)c(c(c1Cl)Cl)Cl,5.67
597,Clc1cc2Oc3c(Oc2cc1Cl)cc(c(c3Cl)Cl)Cl,4.88
598,OC(=O)C(c1ccc(cc1)C(=O)c1cccs1)C,0.322
599,Brc1ccc(cc1)Oc1ccc(cc1Br)Br,4.42
600,CCC1(OCCc2c1[nH]c1c2cccc1CC)CC(=O)O,0.863
601,Clc1ccc(cc1)c1c(Cl)c(Cl)c(c(c1Cl)Cl)Cl,4.94
602,Clc1cc(ccc1Cl)c1c(Cl)c(Cl)c(c(c1Cl)Cl)Cl,5.14
603,Clc1ccc(c(c1)c1cccc(c1Cl)Cl)Cl,2.98
604,Clc1ccc(c(c1)Cl)c1cc(Cl)ccc1Cl,3.02
605,Clc1ccc(c(c1)c1c(Cl)cccc1Cl)Cl,2.48
606,Clc1cc(ccc1Cl)c1cccc(c1Cl)Cl,2.07
607,Clc1cc(ccc1Cl)c1c(Cl)cccc1Cl,2.94
608,Clc1c(Cl)cccc1c1c(Cl)cccc1Cl,2.48
609,Clc1cc(Cl)c(cc1c1cccc(c1Cl)Cl)Cl,3.78
610,CC(C(=O)Nc1c(C)cccc1C)N,1.08
611,O=C(C(S(=O)(=O)O)c1ccccc1)NC1C(=O)N2C1SC(C2C(=O)O)(C)C,0.0792
612,Clc1ccc(cc1)C(=O)NCCc1ccc(cc1)OC(C(=O)O)(C)C,0.301
613,O=C(C(c1ccccc1)O)NC1C(=O)N2C1SCC(=C2C(=O)O)CSc1nnc(s1)C,0
614,OC(COc1cccc2c1CC(O)C(C2)O)CNC(C)(C)C,0.964
615,NC(C(=O)O)C1CC(=NO1)Cl,0.996
616,COc1ccc(cc1)C1Sc2ccccc2N(C(=O)C1OC(=O)C)CCN(C)C,0.748
617,Oc1ccc2c(c1)C13CCCCC3(C(C2)N(CC1)CC1CCC1)O,0.681
618,Clc1cc(Cl)c(c(c1c1cc(Cl)c(c(c1Cl)Cl)Cl)Cl)Cl,5.01
619,CN1CCN(CC1)C(=O)OC1c2nccnc2C(=O)N1c1ccc(cn1)Cl,0.716
620,CCOc1ccccc1OCC1COCCN1,0.613
621,OC(COc1cccc2c1CCCC2=O)CNC(C)(C)C,0.778
622,CC(OC(=O)C(Oc1ccc(cc1)C(=O)c1ccc(cc1)Cl)(C)C)C,1.3
623,O=C(C(c1ccc(cc1)O)N)NC1C(=O)N2C1SCC(=C2C(=O)O)C,0.0414
624,OC(c1ccc(cc1)C(C)(C)C)CCCN1CCC(CC1)C(c1ccccc1)(c1ccccc1)O,0.544
625,CCCCCCC(c1cc(O)c2c(c1)OC(C1C2CC(=O)CC1)(C)C)(C)C,0.301
626,Clc1cc2c(cc1Cl)oc1c2cc(Cl)c(c1)Cl,3.64
627,COc1cc(ccc1Nc1c2ccccc2nc2c1cccc2)NS(=O)(=O)C,0.672
628,CCCC1OC2C(O1)(C(=O)CO)C1(C(C2)C2CCC3=CC(=O)C=CC3(C2C(C1)O)C)C,0.447
629,COCCc1ccc(cc1)OCC(CNC(C)C)O,0.556
630,O=C(C(c1ccccc1)NC(=O)N1CCN(C1=O)S(=O)(=O)C)NC1C(=O)N2C1SC(C2C(=O)O)(C)C,0.0792
631,O=C(C(c1ccc(cc1)O)N)NC1C(=O)N2C1SCC(=C2C(=O)O)CSc1c[nH]nn1,0.0792
632,Clc1cccc(c1)N1CCNCC1,0.672
633,Clc1cc(Cl)c(c(c1)c1cc(Cl)c(cc1Cl)Cl)Cl,5.37
634,CCOC(=O)C1(CCC=CC1N(C)C)c1ccccc1,0.699
635,COc1cc(NCc2ccc3c(c2C)c(N)nc(n3)N)cc(c1OC)OC,1.23
636,Fc1ccc(cc1)C(c1ccc(cc1)F)N1CCN(CC1)CC=Cc1ccccc1,2.64
637,COC12CCC3(CC1C(C(C)(C)C)(O)C)C14C2Oc2c4c(CC3N(CC1)CC1CC1)ccc2O,0.505
638,Clc1ccc(cc1)c1c(Cl)ccc(c1Cl)Cl,2.94
639,Clc1c(Cl)cccc1c1c(Cl)ccc(c1Cl)Cl,3.61
640,Clc1ccc(c(c1)c1cc(Cl)cc(c1Cl)Cl)Cl,3.61
641,Clc1ccc(c(c1Cl)Cl)c1cccc(c1Cl)Cl,3.25
642,Clc1ccc(c(c1)c1c(Cl)c(Cl)cc(c1Cl)Cl)Cl,3.53
643,Clc1c(Cl)cc(c(c1c1c(Cl)ccc(c1Cl)Cl)Cl)Cl,3.48
644,Clc1cc(Cl)c(c(c1Cl)Cl)c1c(Cl)ccc(c1Cl)Cl,3.48
645,Clc1cc(Cl)c(c(c1)c1ccc(c(c1Cl)Cl)Cl)Cl,4.78
646,Clc1cc(Cl)c(cc1c1c(Cl)c(Cl)cc(c1Cl)Cl)Cl,5.13
647,Clc1cc(Cl)c(cc1c1c(Cl)cc(c(c1Cl)Cl)Cl)Cl,4.74
648,Clc1ccc(c(c1Cl)Cl)c1c(Cl)c(Cl)cc(c1Cl)Cl,4.88
649,Clc1c(Cl)cc(c(c1Cl)c1ccc(c(c1Cl)Cl)Cl)Cl,4.91
650,Clc1cc(Cl)c(cc1c1cc(Cl)c(c(c1)Cl)Cl)Cl,5.02
651,Clc1c(Cl)c(Cl)c(c(c1Cl)Cl)c1c(Cl)ccc(c1Cl)Cl,3.58
652,Clc1cc(Cl)c(c(c1)c1cc(Cl)c(c(c1Cl)Cl)Cl)Cl,5.83
653,Clc1c(Cl)cc(c(c1Cl)Cl)c1c(Cl)c(Cl)cc(c1Cl)Cl,6.31
654,Clc1cc(Cl)c(cc1c1c(Cl)c(Cl)c(c(c1Cl)Cl)Cl)Cl,5.48
655,Clc1ccc(c(c1Cl)Cl)c1c(Cl)c(Cl)c(c(c1Cl)Cl)Cl,5.14
656,Clc1c(Cl)cc(c(c1Cl)c1c(Cl)c(Cl)c(c(c1Cl)Cl)Cl)Cl,5.08
657,Clc1cccc(c1Cl)c1c(Cl)c(Cl)cc(c1Cl)Cl,3.48
658,Clc1ccc(c(c1)c1cc(Cl)c(c(c1Cl)Cl)Cl)Cl,3.78
659,Clc1ccc(c(c1)c1c(Cl)c(Cl)c(c(c1Cl)Cl)Cl)Cl,3.53
660,Clc1cc(Cl)c(c(c1)c1c(Cl)ccc(c1Cl)Cl)Cl,3.31
661,Clc1ccc(cc1)C1(O)CCN(CC1)CCC(C(=O)N(C)C)(c1ccccc1)c1ccccc1,1.03
662,OC(c1cc(nc2c1cccc2C(F)(F)F)C(F)(F)F)C1CCCCN1,2.7
663,c1ccc(cc1)C1(CC1C1=NCCN1)c1ccccc1,0.863
664,CCN1CCCC1CNC(=O)c1cc(c(cc1OC)N)S(=O)(=O)CC,1.08
665,Oc1ccc2c(c1)C1(C)CCCCCC(C2)C1N,0.332
666,OCCN1CCN(CC1)CCC=C1c2ccccc2Sc2c1cc(Cl)cc2,1.3
667,OCC1OC(CC1O)n1cnc2c1NC=NCC2O,0.756
668,NC(c1ccccc1)C(=O)NC1C(=O)N2C1SCC(=C2C(=O)O)Cl,-0.125
669,CCC12CC(=C)C3C(C1CCC2(O)C#C)CCC1=CCCCC31,1.44
670,C#CC1(O)CCC2C1(CC)CC(=C)C1C2CCC2=CC(=O)CCC12,1.4
671,CCCNCC(COc1ccccc1C(=O)CCc1ccccc1)O,0.322
672,O=C(c1cc(OCC(F)(F)F)ccc1OCC(F)(F)F)NCC1CCCCN1,1.08
673,CCC1(CCCCN(C1)C)c1cccc(c1)O,0.23
674,CCc1cccc2c1oc(c2)C(CNC(C)(C)C)O,0.362
675,CCOC(=O)C=C(C=CC=C(C=Cc1c(C)cc(c(c1C)C)OC)C)C,3.46
676,NCCON=C(c1ccc(cc1)C(F)(F)F)CCCCOC,1.19
677,CNCCC(c1ccccc1)Oc1ccc(cc1)C(F)(F)F,1.68
678,CCCSc1ccc2c(c1)[nH]c(n2)NC(=O)OC,1
679,COc1cc(C)c(c(c1C)C)C=CC(=CC=CC(=CC(=O)O)C)C,1.69
680,C=C1CCC2(C34C1Oc1c4c(CC2N(CC3)CC2CC2)ccc1O)O,0.944
681,Clc1ccccc1CN1CCc2c(C1)ccs2,2
682,Clc1cccc(c1Cl)c1cc(Cl)c(c(c1Cl)Cl)Cl,3.78
683,O=C(N1CC(=O)N2C(C1)c1ccccc1CC2)C1CCCCC1,0.0607
684,CON=C(C(=O)NC1C(=O)N2C1SCC(=C2C(=O)O)COC(=O)N)c1ccco1,0.0414
685,Clc1cc2oc3c(c2c(c1Cl)Cl)c(Cl)c(c(c3Cl)Cl)Cl,4.61
686,Clc1ccc(c(c1)Cl)c1cccc(c1)Cl,2.16
687,Clc1cc(Cl)c(c(c1)c1ccccc1)Cl,2.04
688,COc1cc(OC)cc(c1C(=O)CCCN1CCCC1)OC,0.519
689,OC(=O)c1cc(N2CCCC2)c(c(c1)S(=O)(=O)N)Oc1ccccc1,0.114
690,OCc1cc(O)c2c3c1c1c(C)cc(c4c1c1c3c3c(C2=O)c(O)cc(c3c2c1c(C4=O)c(O)cc2O)O)O,1.3
691,CC(=O)Oc1ccccc1C(=O)Nc1ncc(s1)N(=O)=O,0.544
692,COC(=O)C1=C(C)NC(=C(C1c1cccc(c1)N(=O)=O)C(=O)OCCN(Cc1ccccc1)C)C,0.613
693,COCC1(CCN(CC1)CCc1cccs1)N(c1ccccc1)C(=O)CC,1.15
694,OCC1OC(OC2C(CO)OC(C(C2O)O)O)C(C(C1OC1OC(C)C(C(C1O)O)NC1C=C(CO)C(C(C1O)O)O)O)O,0.431
695,CC(NC(=O)NS(=O)(=O)c1cnccc1Nc1cccc(c1)C)C,0.708
696,CC(NCC(c1ccc(c(c1)C(=O)N)O)O)CCc1ccc2c(c1)OCO2,1.04
697,Clc1cc(Cl)c(c(c1)Cl)c1c(Cl)cccc1Cl,2.18
698,Clc1cc(Cl)c(c(c1)Cl)c1ccc(c(c1)Cl)Cl,3.01
699,CN(CC=C(c1cccnc1)c1ccc(cc1)Br)C,0.924
700,N#CCSCC(=O)NC1(OC)C(=O)N2C1SCC(=C2C(=O)O)CSc1nnnn1C,0.176
701,CCOC(=O)Nc1ccc(nc1N)NCc1ccc(cc1)F,0.929
702,Clc1cc2c(cc1Cl)oc1c2cc(Cl)c(c1Cl)Cl,4.71
703,Clc1cc2c(cc1Cl)oc1c2c(Cl)c(c(c1)Cl)Cl,4.03
704,Clc1cc2c(c(c1Cl)Cl)oc1c2c(Cl)c(c(c1)Cl)Cl,4.94
705,OC(CNC(C)(C)C)COc1ccc(cc1)NC(=O)NC1CCCCC1,1.04
706,Clc1ccc(cc1Cl)c1cc(Cl)c(c(c1)Cl)Cl,4.17
707,OC(=O)CCCCCCNC1c2ccccc2CCc2c1cccc2,-0.125
708,Clc1c(Cl)cc2c(c1Cl)Oc1c(O2)c(Cl)c(c(c1)Cl)Cl,5.39
709,Brc1cc2c(s1)n1c(CN=C2c2ccccc2Cl)nnc1C,0.681
710,Clc1ccc2c(c1)[nH]c(=O)n2C1CCN(CC1)CCCn1c(=O)[nH]c2c1cccc2,0.875
711,CN1CCCC(CC1)n1nc(Cc2ccc(cc2)Cl)c2c(c1=O)cccc2,1.34
712,OC1C(N)CC(OC1C)OC1CC(O)(Cc2c1c(O)c1c(c2O)C(=O)c2c(C1=O)cccc2)C(=O)C,1.2
713,Brc1cc(Br)c(cc1c1cc(Br)c(cc1Br)Br)Br,4.76
714,CCCCC(CC=CC1C(O)CC(=O)C1CCCCCCC(=O)OC)(O)C,-0.301
715,COc1cc(CCNCC(COc2cccc(c2)C)O)ccc1OC,0.279
716,Clc1cc(Cl)c(c(c1)Cl)c1ccc(c(c1Cl)Cl)Cl,3.88
717,Clc1cc(Cl)c(c(c1)Cl)c1cc(Cl)c(c(c1)Cl)Cl,4.94
718,Clc1ccc2c(c1)C(=NCc1n2c(C)nc1)c1ccccc1F,0.491
719,CC(N1CCC(CC1)N(c1ccc(cc1)Cl)C(=O)Cc1ccccc1)C,0.813
720,N#Cc1ccc2c(c1)COC2(CCCN(C)C)c1ccc(cc1)F,1.52
721,FC(C(C(C(S(=O)(=O)O)(F)F)(F)F)(F)F)F,2.8
722,OCC1OC(C(C1O)O)c1scc(n1)C(=O)N,0.771
723,NCC1(CCCCC1)CC(=O)O,0.724
724,Clc1cc(Cl)c(c(c1)c1cccc(c1Cl)Cl)Cl,3.78
725,Clc1ccc(c(c1)c1c(Cl)cc(cc1Cl)Cl)Cl,3.48
726,Clc1cc(Cl)c(c(c1)Cl)c1cc(Cl)c(cc1Cl)Cl,4.48
727,OCC(NC(=O)c1c(I)c(C(=O)NC(CO)CO)c(c(c1I)NC(=O)C(O)C)I)CO,0.322
728,C#CC1(O)C=CC2C1(CC)CCC1C2CCC2=CC(=O)CCC12,1
729,Brc1ccc(c(c1)Br)Oc1cc(Br)c(cc1Br)Br,4.1
730,c1ccc(cc1)c1ccc(cc1)C(n1ccnc1)c1ccccc1,0.176
731,NC(C=C)CCC(=O)O,1.1
732,O=c1[nH]cc(cc1N)c1ccncc1,0.301
733,Clc1cc2c(c(c1Cl)Cl)oc1c2cc(Cl)c(c1Cl)Cl,4.43
734,NCc1ccccc1CC(=O)NC1C(=O)N2C1SCC(=C2C(=O)O)CSc1nnnn1CC(=O)O,0.477
735,O=C(C(c1ccccc1)O)NC1C(=O)N2C1SCC(=C2C(=O)O)CSc1nnnn1CS(=O)(=O)O,0.653
736,CCN1CCN(C(=O)C1=O)C(=O)NC(C(=O)NC1C(=O)N2C1SC(C2C(=O)O)(C)C)c1ccccc1,-0.0177
737,CN(CCn1nnnc1SCC1=C(C(=O)O)N2C(SC1)C(C2=O)NC(=O)Cc1csc(n1)N)C,0
738,Fc1ccc(cc1)C1CCNCC1COc1ccc2c(c1)OCO2,1.11
739,SCC(C(=O)N1CCCC1C(=O)O)C,0.301
740,NC(=O)CN1CC(CC1=O)O,0.875
741,NC(=O)CCCNC(=C1C=C(F)C=CC1=O)c1ccc(cc1)Cl,0.602
742,Clc1cc(Cl)c(c(c1)Cl)c1ccccc1Cl,2.08
743,CCN1CCN(C(=O)C1=O)C(=O)NC(c1ccc(cc1)O)C(=O)NC1C(=O)N2C1SCC(=C2C(=O)O)CSc1nnnn1C,0.255
744,CON=C(c1csc(n1)N)C(=O)NC1C(=O)N2C1SCC(=C2C(=O)O)COC(=O)C,0.0792
745,COc1cc2nc(nc(c2cc1OC)N)N1CCN(CC1)C(=O)C1CCCO1,0.954
746,O=C1NC(C(=O)N1c1ccc(c(c1)C(F)(F)F)N(=O)=O)(C)C,1.69
747,OC(COc1ccc(cc1)CCOCC1CC1)CNC(C)C,1.23
748,COC(=O)C1=C(C)NC(=C(C1c1ccccc1N(=O)=O)C(=O)OCC(C)C)C,1.04
749,CC(C1C2CC(=C(N2C1=O)C(=O)O)SCCN=CN)O,-0.0223
750,CC(COCC(N1CCCC1)CN(c1ccccc1)Cc1ccccc1)C,1.57
751,COC1(NC(=O)C(c2ccc(cc2)O)C(=O)O)C(=O)N2C1OCC(=C2C(=O)O)CSc1nnnn1C,0.462
752,CON=C(c1csc(n1)N)C(=O)NC1C2SCC(=C(N2C1=O)C(=O)O)C,0.322
753,CON=C(C(=O)NC1C(=O)N2C1SCC(=C2C(=O)O)CSc1nnnn1C)c1csc(n1)N,0
754,OCCNCCNc1ccc(c2c1C(=O)c1c(C2=O)c(O)ccc1O)NCCNCCO,1.72
755,Clc1ccc(c(c1)Cl)C1(OCC(O1)COc1ccc(cc1)N1CCN(CC1)C(=O)C)Cn1cncc1,0.301
756,CN(Cc1cccc2c1cccc2)CC=Cc1ccccc1,1.78
757,Clc1ccc(c(c1)Cl)c1cc(Cl)c(c(c1)Cl)Cl,4.59
758,Clc1ccc(c(c1)Cl)c1ccc(c(c1Cl)Cl)Cl,3.88
759,COCCOC(=O)C1=C(C)NC(=C(C1c1cccc(c1)N(=O)=O)C(=O)OC(C)C)C,0.114
760,CCCN1CC(CSC)CC2C1Cc1c[nH]c3c1c2ccc3,1.43
761,CNC(=CN(=O)=O)NCCSCc1ccc(o1)CN(C)C,0.322
762,OC(COc1ccc(cc1)COCCOC(C)C)CNC(C)C,1
763,COc1ccc(cc1)C(=O)Nc1ccccc1C(CN1CCCCC1)C,0.415
764,Oc1ccc(cc1)C1CNCCc2c1cc(O)c(c2Cl)O,-1.08
765,O=C1CCC2(C(=C1)C1CC1C1C2CCC2(C1C1CC1C12CCC(=O)O1)C)C,1.48
766,Clc1cc2c(c(c1Cl)Cl)oc1c2c(Cl)c(c(c1Cl)Cl)Cl,4.36
767,Clc1ccc(c(c1)Cl)C1(OCC(O1)COc1ccc(cc1)N1CCN(CC1)C(C)C)Cn1cncn1,0.839
768,Clc1ccc(c(c1)Cl)c1c(Cl)cccc1Cl,2.18
769,Clc1ccc(c(c1)Cl)c1c(Cl)ccc(c1Cl)Cl,3.01
770,Clc1cc(Cl)c(c(c1)Cl)c1c(Cl)ccc(c1Cl)Cl,3.01
771,Clc1cccc(c1c1c(Cl)c(Cl)cc(c1Cl)Cl)Cl,3.48
772,Clc1ccc(c(c1)Cl)c1c(Cl)c(Cl)cc(c1Cl)Cl,3.88
773,Clc1ccc(c(c1)c1c(Cl)cc(c(c1Cl)Cl)Cl)Cl,3.48
774,Clc1cccc(c1Cl)c1c(Cl)c(Cl)c(c(c1Cl)Cl)Cl,3.48
775,Clc1cc(Cl)c(c(c1)c1c(Cl)c(Cl)c(c(c1Cl)Cl)Cl)Cl,5.08
776,CC1CCCC(N1CCCC(c1ccccn1)(c1ccccc1)O)C,0.924
777,NS(=O)(=O)Cc1noc2c1cccc2,1.8
778,CC(c1ccc2c(c1)c(=O)c1c(o2)nc(c(c1)C(=O)O)N)C,0.544
779,N#CC(c1ccc(c(c1)Oc1ccccc1)F)OC(=O)C1C(C1(C)C)C=C(Cl)Cl,0.845
780,OC(=O)C1N2C(=O)CC2S(=O)(=O)C1(C)C,0.0414
781,CON=C(c1csc(n1)N)C(=O)NC1C2SCC=C(N2C1=O)C(=O)O,0.176
782,NC(=O)CS(=O)C(c1ccccc1)c1ccccc1,1
783,COc1ccc(cc1)CCN1CCC(CC1)Nc1nc2c(n1Cc1ccc(cc1)F)cccc2,1.38
784,CCCc1c2oc(cc(=O)c2cc2c1n(CC)c(cc2=O)C(=O)O)C(=O)O,0.519
785,CON=C(c1csc(n1)N)C(=O)NC1C(=O)N2C1SCC(=C2C(=O)O)CSc1nc(c(s1)CC(=O)O)C,0.623
786,CCCCN(CCC(c1cc2c(Cl)cc(cc2c2c1ccc(c2)C(F)(F)F)Cl)O)CCCC,2.28
787,Clc1c(Cl)ccc(c1Cl)c1cc(Cl)c(c(c1)Cl)Cl,5.21
788,Clc1ccccc1c1c(Cl)ccc(c1Cl)Cl,2.23
789,Clc1ccc(cc1)c1cc(Cl)c(c(c1)Cl)Cl,3.87
790,Clc1cccc(c1)c1cc(Cl)cc(c1Cl)Cl,2.07
791,Clc1cc(Cl)c(c(c1)c1ccc(c(c1)Cl)Cl)Cl,3.45
792,Clc1ccc(c(c1)c1cc(Cl)c(c(c1)Cl)Cl)Cl,2.44
793,CCn1cc(C(=O)O)c(=O)c2c1cc(N1CCN(CC1)C)c(c2)F,1.04
794,CCn1cc(C(=O)O)c(=O)c2c1cc(N1CCNCC1)c(c2)F,0.544
795,Clc1cc2c(cc1Cl)oc1c2c(Cl)c(c(c1Cl)Cl)Cl,4.79
796,Oc1ccc(cc1)C(C(=O)NC1C(=O)N2C1SCC(=C2C(=O)O)CSc1nnnn1C)NC(=O)c1c[nH]c(cc1=O)C,0.647
797,COCC1(CCN(CC1)CCn1nnn(c1=O)CC)N(c1ccccc1)C(=O)CC,0.204
798,O=C(c1ccc(cc1)Cl)NCCN1CCOCC1,0.176
799,CCOc1ccccc1OC(c1ccccc1)C1OCCNC1,1
800,COc1ccc(cc1)C(=O)N1CCCC1=O,0.243
801,CCOC(=O)C1=C(C)NC(=C(C1c1cccc(c1Cl)Cl)C(=O)OC)C,1
802,CCCCN1CC(O)C(C(C1CO)O)O,0.813
803,COc1ccccc1OCCNCC(COc1cccc2c1c1ccccc1[nH]2)O,0.38
804,COCC(=O)Nc1c(I)c(C(=O)NCC(CO)O)c(c(c1I)C(=O)N(CC(CO)O)C)I,0.415
805,CON=C(c1csc(n1)N)C(=O)NC1C(=O)N2C1SCC(=C2C(=O)O)CSc1nc(=O)c(=O)[nH]n1C,0.934
806,Clc1ccc(c(c1)Cl)c1cc(Cl)cc(c1)Cl,3.18
807,Clc1cccc(c1)c1cc(Cl)c(cc1Cl)Cl,2.28
808,Clc1ccc(c(c1c1c(Cl)cccc1Cl)Cl)Cl,2.18
809,Clc1cc(Cl)c(c(c1)c1c(Cl)cccc1Cl)Cl,3.01
810,Clc1c(Cl)ccc(c1Cl)c1c(Cl)cccc1Cl,3.01
811,O=C1CCc2c(N1)ccc(c2)OCCCCc1nnnn1C1CCCCC1,1.08
812,CCn1cc(C(=O)O)c(=O)c2c1nc(N1CCNCC1)c(c2)F,0.708
813,Fc1ccc(cc1)C(=O)C1CCN(CC1)CCn1c(=O)[nH]c2c(c1=O)cccc2,1.08
814,OC(=O)C1CCn2c1ccc2C(=O)c1ccccc1,0.708
815,COc1ccc(cc1)c1nc2c([nH]1)cc(cc2)C1=NNC(=O)CC1C,0.255
816,COc1cc2nc(nc(c2cc1OC)N)N1CCN(CC1)C(=O)C1COc2c(O1)cccc2,0.973
817,Clc1cccc(c1)c1ccc(c(c1Cl)Cl)Cl,2.04
818,Clc1ccc(cc1)c1cc(Cl)cc(c1Cl)Cl,3.23
819,Clc1ccc(cc1)c1cc(Cl)c(c(c1Cl)Cl)Cl,4.99
820,Clc1ccc(cc1Cl)c1c(Cl)cc(c(c1Cl)Cl)Cl,4.64
821,Clc1cc(ccc1Cl)c1c(Cl)c(Cl)cc(c1Cl)Cl,5.31
822,Clc1cc(Cl)c(c(c1c1cc(Cl)c(c(c1)Cl)Cl)Cl)Cl,5.18
823,Clc1cc(Cl)cc(c1)c1c(Cl)c(Cl)c(c(c1Cl)Cl)Cl,5.22
824,Clc1cc(Cl)c(c(c1)Cl)c1c(Cl)c(Cl)c(c(c1Cl)Cl)Cl,4.88
825,CC(NCCCNC(=O)Nc1c(C)cccc1C)C,0.699
826,NC(=NCCCC(C(=O)N1CCC(CC1C(=O)O)C)NS(=O)(=O)c1cccc2c1NCC(C2)C)N,-0.398
827,CCC(C(=O)OC1CC(C)C=C2C1C(CCC(CC(CC(=O)O)O)O)C(C=C2)C)C,0.146
828,CCC(C(=O)OC1CC(C)C=C2C1C(CCC1CC(O)CC(=O)O1)C(C=C2)C)C,0.724
829,OC1C(O)C(OC1n1cnc2c1nc(F)nc2N)COP(=O)(O)O,1.3
830,COC(=O)C1=C(C)NC(=C(C1c1cccc2c1non2)C(=O)OC(C)C)C,0.519
831,N#CCCN1C(=O)C(O)N=C(c2c1ccc(c2)Cl)c1ccccc1F,0.954
832,O=C(c1cnoc1C)Nc1ccc(cc1)C(F)(F)F,2.53
833,C#CC1(CCC2C1(C)CCC1C2CCc2c1ccc(c2)O)OS(=O)(=O)O,0.968
834,CCOC(=O)C(NC(C(=O)N1CCCC1C(=O)O)C)CCc1ccccc1,1.04
835,OC(=O)C(NC(C(=O)N1CCCC1C(=O)O)C)CCc1ccccc1,1.59
836,NC(c1ccccc1)C(=O)NC1C2CCC(=C(N2C1=O)C(=O)O)Cl,0
837,NCCCCC(C(=O)N1CCCC1C(=O)O)NC(C(=O)O)CCc1ccccc1,1.62
838,NC(=Nc1scc(n1)CSCCC(=NS(=O)(=O)N)N)N,0.447
839,Clc1c(Cl)cccc1c1cc(Cl)c(c(c1)Cl)Cl,2.44
840,CC(=O)NCCCS(=O)(=O)O,1.42
841,CSc1ccc(cc1)C(=O)c1[nH]c(=O)[nH]c1C,0
842,N#Cc1cc(c2ccncc2)c([nH]c1=O)C,-0.0969
843,CCOC(=O)c1ncn2c1CN(C)C(=O)c1c2ccc(c1)F,-0.108
844,CC#CCC(C(C=CC1C(O)CC2C1CC(=CCCCC(=O)OCC(=O)c1ccccc1)C2)O)C,-0.244
845,Nc1nc(cs1)C(=NOCC(=O)O)C(=O)NC1C2SCC(=C(N2C1=O)C(=O)O)C=C,0.505
846,CNC1CCC(c2c1cccc2)c1ccc(c(c1)Cl)Cl,1.41
847,FCCn1cc(C(=O)O)c(=O)c2c1c(F)c(N1CCN(CC1)C)c(c2)F,0.934
848,CCOC(=O)N1CCC(=C2c3ccc(cc3CCc3c2nccc3)Cl)CC1,0.924
849,CCC(C(=O)OC1CC(C)C=C2C1C(CCC1CC(O)CC(=O)O1)C(C=C2)C)(C)C,0.477
850,C1CN=C(N1)C1COc2c(O1)cccc2,0.623
851,CCN1CCCC1CNC(=O)c1c(OC)ccc(c1OC)Br,0.74
852,FCSC(=O)C1(OC(=O)CC)C(C)CC2C1(C)CC(O)C1(C2CC(C2=CC(=O)C=CC12C)F)F,0.778
853,CCCC(=O)N1CCCN(CC1)c1nc(N)c2c(n1)cc(c(c2)OC)OC,0.301
854,CCC(C(=O)OC1CC(O)C=C2C1C(CCC(CC(CC(=O)O)O)O)C(C=C2)C)C,-0.108
855,COC(=O)CCc1ccc(cc1)OCC(CNC(C)C)O,-0.824
856,COc1cc2nc(nc(c2cc1OC)N)N(CCCNC(=O)C1CCCO1)C,0.681
857,C=CCN1CC(CC2C1Cc1c[nH]c3c1c2ccc3)C(=O)N(C(=O)NCC)CCCN(C)C,1.82
858,CCC(NCC(COc1ccccc1C(=O)CCc1ccccc1)O)(C)C,0.176
859,O=C(N(C)C)Oc1cc(cc(c1)OC(=O)N(C)C)C(CNC(C)(C)C)O,0.415
860,OC(COc1ccc(cc1)O)CNCCNC(=O)N1CCOCC1,0.886
861,CCCCCC(CCC1C(O)CC2C1Cc1cccc(c1C2)OCC(=O)O)O,0.477
862,CC(C(=O)N)NC(=O)N(N=O)CCCl,0
863,OC(=O)C(CSCCCCC=C(C(=O)O)NC(=O)C1CC1(C)C)N,-0.0655
864,CON=C(c1csc(n1)N)C(=O)NC1C2SCC(=C(N2C1=O)C(=O)O)COC,0.392
865,Cc1ccc(cc1)c1nc2n(c1CC(=O)N(C)C)cc(cc2)C,0.23
866,CC(C(=O)N1CC2=CC=CC=C2CC1C(=O)O)NC(CCC3=CC=CC=C3)C(=O)O,0.362
867,CNCCC(c1ccccc1)Oc1ccccc1C,0.716
868,CCc1nn(c(=O)n1CCOc1ccccc1)CCCN1CCN(CC1)c1cccc(c1)Cl,0.0792
869,CCOC(=O)C(NC(C(=O)N1CC2(CC1C(=O)O)SCCS2)C)CCc1ccccc1,1.51
870,OC(=O)C(c1ccc(cc1)C(CCCN1CCC(CC1)C(c1ccccc1)(c1ccccc1)O)O)(C)C,1.16
871,OC(=O)COCCN1CCN(CC1)C(c1ccc(cc1)Cl)c1ccccc1,0.919
872,Nc1nnc(c(n1)N)c1cccc(c1Cl)Cl,1.4
873,CCCN1CCCCC1C(=O)Nc1c(C)cccc1C,0.342
874,CC#CC1(O)CCC2C1(C)CC(c1ccc(cc1)N(C)C)C1=C3CCC(=O)C=C3CCC21,1.26
875,Oc1ccc2c(c1)sc(c2C(=O)c1ccc(cc1)OCCN1CCCCC1)c1ccc(cc1)O,1.44
876,CCC(n1ncn(c1=O)c1ccc(cc1)N1CCN(CC1)c1ccc(cc1)OCC1COC(O1)(Cn1cncn1)c1ccc(cc1Cl)Cl)C,1.4
877,CCC1(O)CN2CCC1CC2C(c1ccnc2c1cc(OC)cc2)O,0.826
878,CCOC(=O)C(CCC1=CC=CC=C1)NC(C)C(=O)N2CC3=CC=CC=C3CC2C(=O)O,0.301
879,NC(=O)c1ncn2c1nnn(c2=O)C,0.176
880,CN1CCN2C(C1)c1ccccc1Cc1c2nccc1,1.18
881,Fc1cc2c(cc1N1CCNCC1)n(cc(c2=O)C(=O)O)C1CC1,0.58
882,Fc1ccc(c(c1)F)C(Cn1cncn1)(Cn1cncn1)O,1.48
883,CCOC(=O)C(NC1CCc2c(N(C1=O)CC(=O)O)cccc2)CCc1ccccc1,1.02
884,CCOC(=O)C(NC(C(=O)N1C2CCCC2CC1C(=O)O)C)CCc1ccccc1,0.477
885,NC(=O)OCC1C(NC(=O)C(=NOCC(=O)O)c2csc(n2)N)C(=O)N1S(=O)(=O)O,0.204
886,CCOC(=O)C(NC(C(=O)N1C2CCCCC2CC1C(=O)O)C)CCc1ccccc1,0.778
887,CC(C1C(=O)N2C1CC(=C2C(=O)O)SC1CCN(C1)C(=N)C)O,-0.0177
888,OCC=CC=CC=CC(CC(C(C=CC1CC=CC(=O)O1)(O)C)OP(=O)(O)O)O,0.176
889,NCCOCC1=C(C(=O)OCC)C(C(=C(N1)C)C(=O)OC)c1ccccc1Cl,1.53
890,CCCCC1OC2OC3C(O)C(NC)C(C(C3OC2(C(=O)C1)O)NC)O,1.04
891,CCN1CC2CN(CC(C1)C2OC(=O)c1ccc(cc1)Cl)C,0.934
892,OCc1cc(ccc1O)C(CNCCCCCCOCCCCc1ccccc1)O,0.74
893,CN1C2CCC1CC(C2)OC(=O)c1c[nH]c2c1cccc2,0.748
894,ClCCC(=C(c1ccccc1)c1ccc(cc1)OCCN(C)C)c1ccccc1,2.08
895,N#Cc1ccc(cc1C(F)(F)F)NC(=O)C(CS(=O)(=O)c1ccc(cc1)F)(O)C,2.15
896,COc1cc2CCN(Cc2cc1OC)c1cc(N)c2c(n1)cc(c(c2)OC)OC,0.771
897,CN(Cc1cccc2c1cccc2)CC=CC#CC(C)(C)C,1.56
898,CCCN(CCC)CCc1cccc2c1CC(=O)N2,0.778
899,CCC1(O)C(=O)OCc2c1cc1c3nc4cccc(c4cc3Cn1c2=O)N,0.845
900,OC(=O)Cc1cccc(c1N)C(=O)c1ccc(cc1)Br,0.415
901,ON=C(c1csc(n1)N)C(=O)NC1C(=O)N2C1SCC(=C2C(=O)O)C=C,0.23
902,NCC1CC1(c1ccccc1)C(=O)N(CC)CC,0.903
903,CC=CC1=C(C(=O)O)N2C(SC1)C(C2=O)NC(=O)C(c1ccc(cc1)O)N,0.0792
904,O=C1N(COP(=O)(O)O)C(=O)NC1(c1ccccc1)c1ccccc1,-0.602
905,COc1ccc(cc1)C(C1(O)CCCCC1)CN(C)C,0.699
906,CCC1=C(C)CN(C1=O)C(=O)NCCc1ccc(cc1)S(=O)(=O)NC(=O)NC1CCC(CC1)C,0.998
907,OC(=O)CC(CC(C=Cc1c(c2ccc(cc2)F)c2c(n1C(C)C)cccc2)O)O,-0.155
908,CCC#CCC(C(C#CC1C(O)CC2C1CC(=CCOCC(=O)O)C2)O)C,0.0414
909,CCCC(C(=O)O)NC(C(=O)N1C2CCCCC2CC1C(=O)O)C,1.46
910,OC(=O)C1CC(CN1C(=O)CP(=O)(CCCCc1ccccc1)O)C1CCCC1,0.973
911,CC(C1C2SC(=C(N2C1=O)C(=O)O)SCCOC(=O)N)O,-0.0969
912,CC(C1C(=O)N2C1C(C)C(=C2C(=O)O)SC1CCC(N1)C(=O)N(C)C)O,0
913,CCCCCCCCCCCC(CC1OC(=O)C1CCCCCC)OC(=O)C(CC(C)C)NC=O,0.176
914,NS(=O)(=O)OCC12OCC3C(C2OC(O1)(C)C)OC(O3)(C)C,1.32
915,O=C1NC(=O)C(S1)Cc1ccc(cc1)OCC1(C)CCc2c(O1)c(C)c(c(c2C)O)C,1.4
916,CCC1(O)C(=O)OCc2c1cc1c3nc4ccc(cc4c(c3Cn1c2=O)CC)OC(=O)N1CCC(CC1)N1CCCCC1,0.954
917,CCC(=O)OC(C(C)C)OP(=O)(CC(=O)N1CC(CC1C(=O)O)C1CCCCC1)CCCCc1ccccc1,1.08
918,CCn1cc(C(=O)O)c(=O)c2c1c(F)c(N1CCNC(C1)C)c(c2)F,0.903
919,O=C1C=CC2(C(N1)CCC1C2CCC2(C1CCC2C(=O)NC(C)(C)C)C)C,0.778
920,CC(Cn1cnc2c1c1ccccc1nc2N)C,1.3
921,O=C1C(CCc2c1c1ccccc1n2C)Cn1ccnc1C,0.531
922,Clc1ccc2c(c1)CCc1c(C2=C2CCNCC2)nccc1,1.7
923,CN1CCN(CC1)c1c(F)cc2c3c1OCC(n3cc(c2=O)C(=O)O)C,0.944
924,CCN(CCNC(=O)c1ccc(cc1)NS(=O)(=O)C)CC,0.58
925,CN(Cc1cccc2c1cccc2)Cc1ccc(cc1)C(C)(C)C,2.18
926,CCC(N1CCCC1=O)C(=O)N,0.845
927,O=S(c1nc2c([nH]1)cccc2)Cc1nccc(c1C)OCC(F)(F)F,0
928,CNS(=O)(=O)Cc1ccc2c(c1)c(CCN(C)C)c[nH]2,0.23
929,CCOC(=O)C(NC(C(=O)N1Cc2cc(OC)c(cc2CC1C(=O)O)OC)C)CCc1ccccc1,0
930,CC(=O)OCC(CCn1cnc2c1nc(N)nc2)COC(=O)C,1
931,CCCNC1CCc2c(C1)sc(n2)N,0.903
932,ClCC(=O)C1(O)C(C)CC2C1(C)CC(O)C1(C2CCC2=CC(=O)C=CC12C)Cl,0.763
933,CC(C1CCC(CC1)C(=O)NC(C(=O)O)Cc1ccccc1)C,0.176
934,NC1CCN(C1)c1c(F)cc2c(c1Cl)n(cc(c2=O)C(=O)O)C1CC1,0.732
935,CCOc1ccccc1OCCNC(Cc1ccc(c(c1)S(=O)(=O)N)OC)C,0.833
936,Fc1ccc2c(c1)onc2C1CCN(CC1)CCc1c(C)nc2n(c1=O)CCCC2,0.505
937,Clc1ccc2c(c1)c(cn2c1ccc(cc1)F)C1CCN(CC1)CCN1CCNC1=O,1.86
938,CC(CC(C1(CCC1)c1ccc(cc1)Cl)N(C)C)C,1.15
939,Nc1ncnc2c1ncn2CCOCP(=O)(O)O,0.204
940,CCCC(C(=O)OCC)NC(C(=O)N1C2CCCCC2CC1C(=O)O)C,-0.0458
941,CC1SCC2(O1)CN1CCC2CC1,0.699
942,COC(=O)C1CC2=CC(=O)CCC2(C23C1C1CCC4(C1(C)CC3O2)CCC(=O)O4)C,0.699
943,COc1cc(ccc1Cc1cn(c2c1cc(cc2)NC(=O)OC1CCCC1)C)C(=O)NS(=O)(=O)c1ccccc1C,1
944,O=C1C=CC2(C(=C1)C(=C)CC1C2CCC2(C1CCC2=O)C)C,1.38
945,CC1NCCN(C1)c1cc2n(cc(c(=O)c2cc1F)C(=O)O)c1ccc(cc1F)F,0.903
946,CN1C2CCCC1CC(C2)NC(=O)c1nn(c2c1cccc2)C,0.716
947,CC1NC(C)CN(C1)c1c(F)c(N)c2c(c1F)n(cc(c2=O)C(=O)O)C1CC1,1.3
948,CCc1ccc(nc1)CCOc1ccc(cc1)CC1SC(=O)NC1=O,0.699
949,ON(C(c1cc2c(s1)cccc2)C)C(=O)N,0.398
950,OCCOCCN1CCN(CC1)C1=Nc2ccccc2Sc2c1cccc2,0.778
951,N#Cc1ccc(cc1)C(n1cncn1)c1ccc(cc1)C#N,1.65
952,COc1c(N2CCNC(C2)C)c(F)cc2c1n(cc(c2=O)C(=O)O)C1CC1,1
953,CNC1CC2OC(C1OC)(C)n1c3ccccc3c3c1c1n2c2ccccc2c1c1c3C(NC1=O)O,2.9
954,COC(=O)C(c1ccccc1Cl)N1CCc2c(C1)ccs2,0.903
955,CN(CCC=C1c2cc(ccc2OCc2c1cccc2)CC(=O)O)C,0.477
956,OCC(Cn1ccc(nc1=O)N)OCP(=O)(O)O,0.415
957,COc1cc2c(cc1O)CCNC12CSC2c3c(OC(=O)C)c(C)c4c(c3C(COC1=O)N1C2C2N(C(C1O)Cc1c2c(O)c(c(c1)C)OC)C)OCO4,1.64
958,OC(=O)C1CCCN(C1)CCC=C(c1sccc1C)c1sccc1C,1
959,CN(CCc1ccc(cc1)NS(=O)(=O)C)CCOc1ccc(cc1)NS(=O)(=O)C,0.908
960,O=C1CN2C3CC1CC2CC(C3)OC(=O)c1c[nH]c2c1cccc2,-0.886
961,COCC(=O)OC1(CCN(CCCc2nc3c([nH]2)cccc3)C)CCc2c(C1C(C)C)ccc(c2)F,1.11
962,CON=C(c1csc(n1)N)C(=O)NC1C(=O)N2C1SCC(=C2C(=O)OCOC(=O)C(C)(C)C)C=Cc1scnc1C,0.204
963,COCCCOc1ccnc(c1C)CS(=O)c1nc2c([nH]1)cccc2,0
964,CCOC(=O)c1ccc(nc1)C#Cc1ccc2c(c1)C(C)(C)CCS2,1.26
965,OC(C1CCc2c(O1)ccc(c2)F)CNCC(C1CCc2c(O1)ccc(c2)F)O,1
966,OC(=O)C1=CC2=CCC3C(C2(CC1)C)CCC1(C3CCC1C(=O)NC(C)(C)C)C,1.43
967,CCCCCN(C(=O)C(NC(=O)c1ccc(c(c1)Cl)Cl)CCC(=O)O)CCCOC,0.0792
968,CC1NCCN(C1)c1cc2c(c(c1F)C)c(=O)c(cn2C1CC1)C(=O)O,1.18
969,COc1cc2c(cc1OC)CC(C2=O)CC1CCN(CC1)Cc1ccccc1,1.85
970,CCCN1C(=C(C(=O)ON2CCC(CC2)(c2ccccc2)c2ccccc2)C(C(=C1C)C(=O)OC)c1cccc(c1)N(=O)=O)C,1.34
971,OC(=O)CCSC(c1cccc(c1)C=Cc1ccc2c(n1)cc(cc2)Cl)SCCC(=O)N(C)C,0.362
972,N#CC(c1cc(cc(c1)C(C#N)(C)C)Cn1ncnc1)(C)C,1.7
973,Fc1ccc(c(c1)F)C(C(S(=O)(=O)C)C)(Cn1cncn1)O,1.69
974,OCC1OC(C(C1O)O)n1cnc2c1nc(N)nc2OC,-0.301
975,CNS(=O)(=O)CCc1ccc2c(c1)c(c[nH]2)C1CCN(CC1)C,0.82
976,O=C1NC(=O)C(S1)Cc1ccc(cc1)OCCN(c1ccccn1)C,0.591
977,CCCCCCCN(CCCC(c1ccc(cc1)NS(=O)(=O)C)O)CC,0.845
978,OCC1OC(C(C1O)F)n1cnc2c1nc(Cl)nc2N,0.716
979,CCN(C(=O)Oc1cccc(c1)C(N(C)C)C)C,0.146
980,CCC1(O)C(=O)OCc2c1cc1c3nc4ccc(c(c4cc3Cn1c2=O)CN(C)C)O,0.362
981,Cc1ccc(c(c1)C(c1ccccc1)CCN(C(C)C)C(C)C)O,0.38
982,CN(CCCNc1ncc(c2c1c1c([nH]2)ccc2c1ccc(c2)O)C)C,1.28
983,NC(=O)CC(C(=O)NC(C(CN1CC2CCCCC2CC1C(=O)NC(C)(C)C)O)Cc1ccccc1)NC(=O)c1ccc2c(n1)cccc2,1.11
984,Oc1ccc(cc1)CCCCNCC(c1ccc(c(c1)O)O)O,-0.875
985,O=S(CCCC(C(F)(F)F)(F)F)CCCCCCCCCC1Cc2cc(O)ccc2C2C1C1CCC(C1(CC2)C)O,2.98
986,Cc1ccnc2c1[nH]c(=O)c1c(n2C2CC2)nccc1,1.72
987,O=C1CCc2c(N1)cc(cc2)OCCCCN1CCN(CC1)c1cccc(c1Cl)Cl,1.88
988,OC(CCc1ccccc1)CCC1C(O)CC(C1CC=CCCCC(=O)OC(C)C)O,-0.548
989,CCN(C(=O)C(=Cc1cc(O)c(c(c1)N(=O)=O)O)C#N)CC,0.38
990,OC1CC(O)CC(=CC=C2CCCC3(C2CCC3C(C=CC(C(O)(C)C)C)C)C)C1,0.724
991,CN1CCN(CC1)C1=c2cc(sc2=Nc2c(N1)cccc2)C,1.57
992,COC(=O)C1(CCN(CC1)CCC(=O)OC)N(c1ccccc1)C(=O)CC,-0.0969
993,CCCCc1ncc(n1Cc1ccc(cc1)C(=O)O)C=C(C(=O)O)Cc1cccs1,0.322
994,NC(=O)C(c1ccccc1)(c1ccccc1)C1CCN(C1)CCc1ccc2c(c1)CCO2,0.556
995,COc1ccc(cc1C(CNC(=O)CN)O)OC,-0.301
996,Oc1ccc(cc1)C(C(N1CCC(CC1)(O)c1ccccc1)C)O,0.568
997,Cc1ccc(cc1)C(=O)c1cc(O)c(c(c1)N(=O)=O)O,0.0414
998,OC(CC(CC(=O)O)O)CCn1c(C(C)C)c(c(c1c1ccc(cc1)F)c1ccccc1)C(=O)Nc1ccccc1,1.15
999,Nc1ccn(c(=O)n1)C1CSC(O1)CO,0.959
1000,CCOc1cc(ccc1C(=O)O)CC(=O)NC(c1ccccc1N1CCCCC1)CC(C)C,-0.0605
1001,O=C1N(CC2c3c1cccc3CCC2)C1CN2CCC1CC2,1.59
1002,CNCCC(c1cccs1)Oc1cccc2c1cccc2,1.08
1003,OCC1C=CC(C1)n1cnc2c1nc(N)nc2NC1CC1,0
1004,CCCCC(C1(O)CCC2C(O1)CC(=O)C2CCCCCCC(=O)O)(F)F,0.0607
1005,CC(Nc1cccnc1N1CCN(CC1)C(=O)c1cc2c([nH]1)ccc(c2)NS(=O)(=O)C)C,0.763
1006,Fc1ccc(c(c1)F)C(C(c1ncncc1F)C)(Cn1cncn1)O,0.748
1007,CCCCC(=O)N(C(C(=O)O)C(C)C)Cc1ccc(cc1)c1ccccc1c1n[nH]nn1,0.978
1008,OCC(C(C1OC(=CC(C1NC(=O)C)N=C(N)N)C(=O)O)O)O,0.23
1009,CN(CCc1c[nH]c2c1cc(CC1COC(=O)N1)cc2)C,0.556
1010,CCOc1nc2c(n1Cc1ccc(cc1)c1ccccc1c1n[nH]nn1)c(ccc2)C(=O)O,0.954
1011,CCCc1nn(c2c1[nH]c(nc2=O)c1cc(ccc1OCC)S(=O)(=O)N1CCN(CC1)C)C,0.591
1012,N#CC(=NNc1ccc(cc1)C1=NNC(=O)CC1C)C#N,0.0414
1013,O=C(C(C)(C)C)OCOP(=O)(OCOC(=O)C(C)(C)C)COCCn1cnc2c1ncnc2N,0.874
1014,CCCCS(=O)(=O)NC(C(=O)O)Cc1ccc(cc1)OCCCCC1CCNCC1,0.204
1015,COc1ccccc1OCC(CN1CCN(CC1)CC(=O)Nc1c(C)cccc1C)O,0.845
1016,CN1CCCC1Cc1c[nH]c2c1cc(cc2)CCS(=O)(=O)c1ccccc1,0.623
1017,CCCCCNC(=O)c1coc(n1)C1C2CCC(C1Cc1ccccc1CCC(=O)O)O2,1.34
1018,Nc1nc(=O)n(cc1F)C1CSC(O1)CO,1
1019,CN(CCc1c[nH]c2c1cc(cc2)Cn1cncn1)C,0.342
1020,OC(=O)COC1CCN(CC1)C(=O)C(NC(=O)c1ccc(cc1)C(=N)N)Cc1ccc(cc1)O,0.322
1021,Fc1ccc2c(c1)onc2C1CCN(CC1)CCc1c(C)nc2n(c1=O)CCCC2O,1.36
1022,CCCc1nc2c(n1Cc1ccc(cc1)c1ccccc1C(=O)O)cc(cc2C)c1nc2c(n1C)cccc2,1.3
1023,O=C1c2ccccc2S(=O)(=O)N1CCCCNCC1CCc2c(O1)cccc2,0.0792
1024,Cc1cccc(c1C)C(c1cnc[nH]1)C,0.342
1025,CCCCCNC(=N)NN=Cc1c[nH]c2c1cc(OC)cc2,1.04
1026,COCc1c(c2ccc(cc2)F)c(C=CC(CC(CC(=O)O)O)O)c(nc1C(C)C)C(C)C,0.255
1027,Nc1ccn(c(=O)n1)C1COC(O1)CO,1.91
1028,CN1CCC(C(C1)O)c1c(O)cc(c2c1oc(cc2=O)c1ccccc1Cl)O,0.716
1029,O=C1Nc2c(C1)cc(c(c2)Cl)CCN1CCN(CC1)c1nsc2c1cccc2,0.491
1030,NC1C2C1CN(C2)c1nc2c(cc1F)c(=O)c(cn2c1ccc(cc1F)F)C(=O)O,1.04
1031,CC(Cn1cnc2c1ncnc2N)OCP(=O)(O)O,0.763
1032,OCCOc1nc(nc(c1Oc1ccccc1OC)NS(=O)(=O)c1ccc(cc1)C(C)(C)C)c1ncccn1,0.613
1033,NCC(CC(=O)O)CC(C)C,0.778
1034,NCCCCNCCCNC1CCC2(C(C1)CC(C1C2CCC2(C1CCC2C(CCC(C(C)C)OS(=O)(=O)O)C)C)O)C,0.978
1035,ONC(=O)CCCCCCC(=O)Nc1ccccc1,-0.119
1036,CN1CCN(CC1)CCCCN1C(=O)CN(C1=O)N=Cc1ccc(o1)c1ccccc1,1.9
1037,OC(CN1CCN(CC1C(=O)NC(C)(C)C)Cc1cccnc1)CC(C(=O)NC1C(O)Cc2c1cccc2)Cc1ccccc1,0.255
1038,COc1c(N2CC3C(C2)CCCN3)c(F)cc2c1n(cc(c2=O)C(=O)O)C1CC1,0.914
1039,CCCCCCCCCC=CC=CC(=O)NCC(=O)NC1C(OC(C(C1O)O)Nc1ncnc2c1[nH]cn2)C(CO)O,0.114
1040,CCN(c1cccc(c1)c1ccnc2n1ncc2C#N)C(=O)C,0.0414
1041,CN1CCN(CC1)Cc1ccc(cc1)C(=O)Nc1ccc(c(c1)Nc1nccc(n1)c1cccnc1)C,1.34
1042,N#CC1(CCC(CC1)C(=O)O)c1ccc(c(c1)OC1CCCC1)OC,0.898
1043,Cc1cc2c(cc1C(=C)c1ccc(cc1)C(=O)O)C(C)(C)CCC2(C)C,0.845
1044,O=C(C1NCC(C1)SC1=C(C(=O)O)N2C(C1C)C(C2=O)C(O)C)Nc1cccc(c1)C(=O)O,0.58
1045,CN(CCc1c[nH]c2c1cc(cc2)CS(=O)(=O)N1CCCC1)C,0.531
1046,CCCCCOC(=O)Nc1nc(=O)n(cc1F)C1OC(C(C1O)O)C,-0.125
1047,O=C(CC(C(=O)N(C1CC1)CC(=O)O)NS(=O)(=O)c1ccc2c(c1)cccc2)NCC1CCCN(C1)C(=N)N,0.279
1048,FC(C1(C#CC2CC2)OC(=O)Nc2c1cc(Cl)cc2)(F)F,1.68
1049,CCNC(=O)CCCC=CCC1C(O)CC(C1C=CC(CCc1ccccc1)O)O,-0.125
1050,O=C(NC(C(CC(Cc1ccccc1)NC(=O)C(C(C)C)NC(=O)N(Cc1csc(n1)C(C)C)C)O)Cc1ccccc1)OCc1cncs1,0.602
1051,OC(=O)CNC(=O)C(Cc1ccccc1)CN1CCC(C(C1)C)(C)c1cccc(c1)O,1.13
1052,OCCNCCn1nc2c3c1ccc(c3c(=O)c1c2cncc1)NCCN(C)C,1.65
1053,CC(OC(=O)CCCC=CCC1C(O)CC(C1C=CC(COc1cccc(c1)C(F)(F)F)O)O)C,-0.125
1054,Clc1ccc(cc1)c1c(C)c(nn1c1ccc(cc1Cl)Cl)C(=O)NN1CCCCC1,2.42
1055,CNC1Cc2c(CC1)[nH]c1c2cc(cc1)C(=O)N,1.38
1056,OC(=O)CC1(CSC(c2cccc(c2)C=Cc2ccc3c(n2)cc(cc3)Cl)CCc2ccccc2C(O)(C)C)CC1,0.699
1057,OC(=O)CNC(C(=O)N1CCC1C(=O)NCc1ccc(cc1)C(=N)N)C1CCCCC1,0.204
1058,OC(C(NC(=O)c1cccc(c1C)O)CSc1ccccc1)CN1CC2CCCCC2CC1C(=O)NC(C)(C)C,0.628
1059,CC(CN(S(=O)(=O)c1ccc(cc1)N)CC(C(Cc1ccccc1)NC(=O)OC1CCOC1)O)C,0.947
1060,O=C1OCC(=C1c1ccccc1)c1ccc(cc1)S(=O)(=O)C,1.23
1061,Oc1ccc(cc1)C1C(CCC(c2ccc(cc2)F)O)C(=O)N1c1ccc(cc1)F,1.34
1062,O=C1C=CC2(C(N1)CCC1C2CCC2(C1CCC2C(=O)Nc1cc(ccc1C(F)(F)F)C(F)(F)F)C)C,2.92
1063,CC(=O)NCC1OC(=O)N(C1)c1ccc(c(c1)F)N1CCOCC1,0.653
1064,CCCC(=O)OCOC(=O)C1=C(C)NC(=C(C1c1cccc(c1Cl)Cl)C(=O)OC)C,-0.523
1065,Cc1ccc(cc1)c1cc(nn1c1ccc(cc1)S(=O)(=O)N)C(F)(F)F,1.04
1066,CCC(n1ncn(c1=O)c1ccc(cc1)N1CCN(CC1)c1ccc(cc1)OCC1COC(C1)(Cn1cncn1)c1ccc(cc1F)F)C(O)C,1.54
1067,O=C1N(C)CC(=O)N2C1Cc1c(C2c2ccc3c(c2)OCO3)[nH]c2c1cccc2,1.24
1068,COCCCOc1cc(ccc1OC)CC(C(C)C)CC(C(CC(C(=O)NCC(C(=O)N)(C)C)C(C)C)O)N,1.38
1069,NCC1CN(CC1=NOC)c1nc2c(cc1F)c(=O)c(cn2C1CC1)C(=O)O,0.845
1070,NC(=NC(=O)c1cc(c(cc1C)n1cccc1)S(=O)(=O)C)N,0.342
1071,CC(CC(B(O)O)NC(=O)C(NC(=O)c1cnccn1)Cc1ccccc1)C,1.26
1072,OCCOc1nc(nc(c1Oc1ccccc1OC)NS(=O)(=O)c1ccc(cn1)C(C)C)c1ccnc(c1)c1nn[nH]n1,0.58
1073,Cc1onc(c1c1ccc(cc1)S(=O)(=O)N)c1ccccc1,0.978
1074,COCCOc1cc2c(ncnc2cc1OCCOC)Nc1cccc(c1)C#C,1.56
1075,COc1cc2ncnc(c2cc1OCCCN1CCOCC1)Nc1ccc(c(c1)Cl)F,1.43
1076,CCOC(=O)C1=CC(C(C(C1)N)NC(=O)C)OC(CC)CC,0.255
1077,COc1ccc(cc1C1(F)C(=O)Nc2c1ccc(c2)C(F)(F)F)Cl,1.57
1078,Brc1cc(Br)c(c(c1)Br)Oc1cc(Br)cc(c1)Br,4.17
1079,O=C1CCC(C(=O)N1)N1Cc2c(C1=O)cccc2N,0.477
1080,CCOC(=O)CNC(C(=O)N1CCC1C(=O)NCc1ccc(cc1)C(=NO)N)C1CCCCC1,0.602
1081,Fc1ccc(c(c1)F)C(OP(=O)(O)O)(Cn1cncn1)Cn1cncn1,0.322
1082,CCC(=O)NCCC1CCc2c1c1CCOc1cc2,0.255
1083,COC(=O)NC(C(C)(C)C)C(=O)NN(Cc1ccc(cc1)c1ccccn1)CC(C(Cc1ccccc1)NC(=O)C(C(C)(C)C)NC(=O)OC)O,0.845
1084,Clc1cnc(c(c1)c1ccc(cc1)S(=O)(=O)C)c1ccc(nc1)C,1.41
1085,NCCCCC(C(=O)N1CCN(CC1)c1ccncc1)NC(=O)C(NC(=O)N1CCC(CC1)N1Cc2ccccc2NC1=O)Cc1cc(Br)c(c(c1)Br)O,0.398
1086,Brc1cc(Br)c(c(c1)Br)Oc1cc(Br)c(cc1Br)Br,4.26
1087,Brc1cc(Br)c(cc1Oc1c(Br)cc(c(c1Br)Br)Br)Br,3.87
1088,Cc1[nH]c2c(n1)c1ccccc1N(CC2)C(=O)c1ccc(cc1)NC(=O)c1ccccc1c1ccccc1,0.826
1089,OC(=O)Cn1c2cc(n3cncc3)c(cc2[nH]c(=O)c1=O)N(=O)=O,-0.108
1090,O=C1NC(CC2OC2(C)CCCC(C(C(C(=O)C(C(C1)O)(C)C)C)O)C)C(=Cc1csc(n1)C)C,1.23
1091,OC(=O)Cc1cc(C)ccc1Nc1c(F)cccc1Cl,0.602
1092,O=C(NC1CCN(C1)C(=O)C1CC(CN1C)SC1=C(C(=O)O)N2C(C1C)C(C2=O)C(O)C)CN=C(N)N,0.23
1093,CCOc1ccc(cc1c1nc(=O)c2n([nH]1)c(CCC)nc2C)S(=O)(=O)N1CCN(CC1)CC,0.653
1094,CC(c1cccc2c1cccc2)NCCCc1cccc(c1)C(F)(F)F,1.54
1095,N1CC2CC(C1)c1c2cc2c(c1)nccn2,1.38
1096,CCOC(C(=O)O)Cc1ccc(cc1)OCCc1ccc(cc1)OS(=O)(=O)C,1.65
1097,CCC1(O)C(=O)OCc2c1cc1c3nc4cc(F)c(c5c4c(c3Cn1c2=O)C(N)CC5)C,0.826
1098,CNC(=O)c1nccc(c1)Oc1ccc(cc1)NC(=O)Nc1ccc(c(c1)C(F)(F)F)Cl,1.56
1099,OC(CC(CC(=O)O)O)C=Cc1c(nc(nc1c1ccc(cc1)F)N(S(=O)(=O)C)C)C(C)C,0.301
1100,OCCN1CCN(CC1)c1cc(nc(n1)C)Nc1ncc(s1)C(=O)Nc1c(C)cccc1Cl,0.602
1101,O=C(C1CCC(CC1)(F)F)NC(c1ccccc1)CCN1C2CCC1CC(C2)n1c(C)nnc1C(C)C,1.2
1102,NC(Cc1cc(F)c(cc1F)F)CC(=O)N1CCn2c(C1)nnc2C(F)(F)F,1.08
1103,CCN(CCNC(=O)c1c(C)[nH]c(c1C)C=C1C(=O)Nc2c1cc(F)cc2)CC,1.7
1104,NCCCCC(C(=O)NC(Cc1ccccc1)C)N,0
