smiles,lgHL
N#CC1(CCC(CC1)C(=O)O)c1ccc(c(c1)OC1CCCC1)OC,0.898
CCc1nn(c(=O)n1CCOc1ccccc1)CCCN1CCN(CC1)c1cccc(c1)Cl,0.0792
OC(C(NC(=O)c1cccc(c1C)O)CSc1ccccc1)CN1CC2CCCCC2CC1C(=O)NC(C)(C)C,0.628
O=N(=O)OC1COC2C1OCC2ON(=O)=O,0.227
CCCNCC(COc1ccccc1C(=O)CCc1ccccc1)O,0.322
NCCCCCN(C(=O)CCC(=O)NCCCCCN(C(=O)CCC(=O)NCCCCCN(C(=O)C)O)O)O,0.778
CCC(=O)N(c1ccccc1)C1CCN(CC1)CCc1ccccc1,0.477
Nc1c2CCCCc2nc2c1cccc2,0.519
CC(=O)NCCCS(=O)(=O)O,1.42
OS(=O)CNc1ccc(cc1)S(=O)(=O)c1ccc(cc1)NCS(=O)O,0.74
O=N(=O)c1ccc(c(c1)N(=O)=O)C,0.301
Clc1c(ccc(c1Cl)Cl)c1ccc(c(c1Cl)Cl)Cl,4.55
COc1ccc(cc1OC)CCN(CCCC(c1ccc(c(c1)OC)OC)(C(C)C)C#N)C,0.447
CCCCCC(C=CC1C(O)CC(=O)C1CCCCCCC(=O)O)O,-0.903
OC(=O)C1N2C(=O)CC2S(=O)(=O)C1(C)C,0.0414
Brc1cc(Br)c(c(c1)Br)Oc1cc(Br)cc(c1)Br,4.17
NC(c1ccccc1)C(=O)NC1C(=O)N2C1SCC(=C2C(=O)O)Cl,-0.125
CCOC(=O)C(NC(C(=O)N1CCCC1C(=O)O)C)CCc1ccccc1,1.04
O=C1C=CC2(C(=C1)C(=C)CC1C2CCC2(C1CCC2=O)C)C,1.38
O=C1CCc2c(N1)ccc(c2)OCCCCc1nnnn1C1CCCCC1,1.08
ClC=C,-1.0
NC(=O)NN=Cc1ccc(o1)N(=O)=O,0.699
CCOC(=O)C1=C(C)NC(=C(C1c1cccc(c1Cl)Cl)C(=O)OC)C,1.0
CCC(=O)OC(c1ccccc1)(C(CN(C)C)C)Cc1ccccc1,1.26
OCCN1CCN(CC1)CCCN1c2ccccc2Sc2c1cc(Cl)cc2,0.973
Clc1ccccc1c1cccc(c1Cl)Cl,2.7
CC(OC(=O)c1ccccc1)CNC1CCCCC1,-0.778
CCC1(O)C(=O)OCc2c1cc1c3nc4cccc(c4cc3Cn1c2=O)N,0.845
CC(=O)Nc1nnc(s1)S(=O)(=O)N,1.11
CN(NN=C1N=CN=C1C(=O)N)C,0.792
Nc1ccn(c(=O)n1)C1CCC(O1)CO,0.0792
OCC1OC(=O)N(C1)c1cccc(c1)C,0.204
CN(Cc1cccc2c1cccc2)Cc1ccc(cc1)C(C)(C)C,2.18
NC(=N)c1ccc(cc1)OCCCCCOc1ccc(cc1)C(=N)N,1.4
O=C1CCC2(C(=C1)C=CC1C2CCC2(C1CCC2C(=O)C)C)C,0.778
CC(C(=O)N1CC2=CC=CC=C2CC1C(=O)O)NC(CCC3=CC=CC=C3)C(=O)O,0.362
OCC(=O)C1(O)CCC2C1(C)CC(O)C1C2CCC2=CC(=O)C=CC12C,0.531
CCn1cc(C(=O)O)c(=O)c2c1nc(C)cc2,0.255
Clc1cccc(c1c1c(Cl)c(Cl)cc(c1Cl)Cl)Cl,3.48
O=C1NC(=O)C(C(=O)N1C)(C)C1=CCCCC1,0.69
COC12CCC3(CC1C(C(C)(C)C)(O)C)C14C2Oc2c4c(CC3N(CC1)CC1CC1)ccc2O,0.505
O=C(NC1CCN(C1)C(=O)C1CC(CN1C)SC1=C(C(=O)O)N2C(C1C)C(C2=O)C(O)C)CN=C(N)N,0.23
O=C1CC2(CCCC2)CC(=O)N1CCCCN1CCN(CC1)c1ncccn1,0.398
OC(=O)C(C(C(C(C(F)(F)F)(F)F)(F)F)(F)F)(F)F,2.68
O=C1C=CC2(C(N1)CCC1C2CCC2(C1CCC2C(=O)Nc1cc(ccc1C(F)(F)F)C(F)(F)F)C)C,2.92
CCC(C(c1ccccc1)(c1ccccc1)CC(N(C)C)C)OC(=O)C,1.26
COC(=O)C1=C(C)NC(=C(C1c1cccc2c1non2)C(=O)OC(C)C)C,0.519
CCn1cc(C(=O)O)c(=O)c2c1nc(N1CCNCC1)c(c2)F,0.708
CNCCC=C1c2ccccc2CCc2c1cccc2,1.48
Clc1cccc(c1c1c(Cl)cccc1Cl)Cl,2.01
CCOC(=O)C(NC(C(=O)N1Cc2cc(OC)c(cc2CC1C(=O)O)OC)C)CCc1ccccc1,0.0
Clc1ccc(c(c1)c1c(Cl)cc(cc1Cl)Cl)Cl,3.48
OC1C(N)CC(OC1C)OC1CC(O)(Cc2c1c(O)c1c(c2O)C(=O)c2c(C1=O)cccc2)C(=O)C,1.2
Fc1ccc(cc1)C(=O)C1CCN(CC1)CCn1c(=O)[nH]c2c(c1=O)cccc2,1.08
Clc1ccc(c(c1)Cl)c1c(Cl)cccc1Cl,2.18
CCN(c1cccc(c1)c1ccnc2n1ncc2C#N)C(=O)C,0.0414
Clc1c(Cl)cc(c(c1Cl)c1c(Cl)c(Cl)c(c(c1Cl)Cl)Cl)Cl,5.08
COc1ccc2c(c1)ccc(c2)C(C(=O)O)C,1.18
NCCON=C(c1ccc(cc1)C(F)(F)F)CCCCOC,1.19
COc1ccc(cc1)C(C1(O)CCCCC1)CN(C)C,0.699
Clc1ccc2c(c1)C(=Nc1c(O2)cccc1)N1CCNCC1,0.903
OCc1cc2CCC(Nc2cc1N(=O)=O)CNC(C)C,0.243
NC(=N)N,0.875
OCC(=O)C1(O)CCC2C1(C)CC(O)C1(C2CCC2=CC(=O)CCC12C)F,0.544
COc1ccc(cc1)c1nc2c([nH]1)cc(cc2)C1=NNC(=O)CC1C,0.255
NCC1CN(CC1=NOC)c1nc2c(cc1F)c(=O)c(cn2C1CC1)C(=O)O,0.845
Fc1ccc(c(c1)F)C(Cn1cncn1)(Cn1cncn1)O,1.48
OC(=O)CCSC(c1cccc(c1)C=Cc1ccc2c(n1)cc(cc2)Cl)SCCC(=O)N(C)C,0.362
Fc1c[nH]c(=O)[nH]c1=O,-0.602
OCC1OC(C(C1O)O)n1ccc(nc1=O)N,-0.778
CCC(=C(c1ccccc1)c1ccc(cc1)OCCN(C)C)c1ccccc1,2.16
CNC(=O)c1c(I)c(NC(=O)C)c(c(c1I)C(=O)O)I,0.114
Clc1ccc(cc1c1cc(Cl)ccc1Cl)Cl,3.66
CNCCCC12CCC(c3c1cccc3)c1c2cccc1,1.71
CC(C(=O)NC1C(=O)N2C1SC(C2C(=O)O)(C)C)Oc1ccccc1,-0.041
CN(CC(CN1c2ccccc2CCc2c1cccc2)C)C,1.36
CCOC(=O)C(NC(C(=O)N1C2CCCCC2CC1C(=O)O)C)CCc1ccccc1,0.778
Clc1cc(Cl)c(c(c1)Cl)c1ccc(c(c1)Cl)Cl,3.01
CN(CCC(c1ccccn1)c1ccc(cc1)Br)C,1.4
Brc1ccc(c(c1)Br)Oc1cc(Br)c(cc1Br)Br,4.1
Cc1ccc(cc1)C(=O)c1cc(O)c(c(c1)N(=O)=O)O,0.0414
CCCc1nc2c(n1Cc1ccc(cc1)c1ccccc1C(=O)O)cc(cc2C)c1nc2c(n1C)cccc2,1.3
c1ccccc1,1.38
Clc1cc(Cl)c(c(c1)c1ccc(c(c1)Cl)Cl)Cl,3.45
Clc1ccc(cc1Cl)c1cc(Cl)c(c(c1Cl)Cl)Cl,5.36
CC(NCC(c1ccc(c(c1)O)O)O)C,-0.387
N#CCCN1C(=O)C(O)N=C(c2c1ccc(c2)Cl)c1ccccc1F,0.954
COC(=O)C1CC2=CC(=O)CCC2(C23C1C1CCC4(C1(C)CC3O2)CCC(=O)O4)C,0.699
Clc1cc(Cl)c(cc1c1ccc(c(c1)Cl)Cl)Cl,4.66
C1C(C2C(O1)C(CO2)O)O,0.613
OC(=O)C(c1cccc(c1)C(=O)c1ccccc1)C,0.322
O=C1OC2C(C1C)(O)C13C4(C2O)C(OC3=O)CC(C24C(O1)OC(=O)C2O)C(C)(C)C,0.716
Fc1ccc(cc1)C(=O)CCCN1CCC(=CC1)n1c(=O)[nH]c2c1cccc2,0.349
CN(CCOC(c1ccccc1)c1ccccc1)C,0.968
Brc1cc2c(s1)n1c(CN=C2c2ccccc2Cl)nnc1C,0.681
BrC1CCC(Br)C(Br)CCC(C(CCC1Br)Br)Br,3.25
CCN(CCCC(Nc1c2cc(OC)ccc2nc2c1ccc(c2)Cl)C)CC,2.08
NCCOCC1=C(C(=O)OCC)C(C(=C(N1)C)C(=O)OC)c1ccccc1Cl,1.53
CCC(=O)C1(CCN(CC1)C)c1cccc(c1)O,0.362
Clc1cc(Cl)c(cc1c1cc(Cl)c(c(c1)Cl)Cl)Cl,5.02
Clc1ccc(c(c1)Cl)c1ccc(cc1Cl)Cl,3.48
Clc1cccc(c1c1ccccc1Cl)Cl,1.78
c1ccc(cc1)C1(CC1C1=NCCN1)c1ccccc1,0.863
CN(CCOC(c1ccc(cc1)Br)c1ccccc1)C,0.398
Clc1ccc(c(c1)c1c(Cl)cccc1Cl)Cl,2.48
CCOc1nc2c(n1Cc1ccc(cc1)c1ccccc1c1n[nH]nn1)c(ccc2)C(=O)O,0.954
CCOc1ccc(cc1)NC(=O)C,-0.0362
OCCOc1nc(nc(c1Oc1ccccc1OC)NS(=O)(=O)c1ccc(cn1)C(C)C)c1ccnc(c1)c1nn[nH]n1,0.58
O=C1CCC2(C34C1Oc1c4c(CC2N(CC3)CC2CC2)ccc1O)O,0.431
NC1CC1c1ccccc1,0.792
OCC(=O)C1(O)CC(OC2CC(N)C(C(O2)C)O)c2c(C1)c(O)c1c(c2O)C(=O)c2c(C1=O)cccc2OC,1.51
COc1cc(CCNCC(COc2cccc(c2)C)O)ccc1OC,0.279
OC1CCC(=C)C(=CC=C2CCCC3(C2CCC3C(C=CC(C(C)C)C)C)C)C1,1.53
ClCC(=O)C1(O)C(C)CC2C1(C)CC(O)C1(C2CCC2=CC(=O)C=CC12C)Cl,0.763
CCN(CCNC(=O)c1c(C)[nH]c(c1C)C=C1C(=O)Nc2c1cc(F)cc2)CC,1.7
OC(=O)CCCCCCCCOC(=O)C=C(CC1OCC(C(C1O)O)CC1OC1C(C(O)C)C)C,-0.301
OCc1cc(ccc1O)C(CNCCCCCCOCCCCc1ccccc1)O,0.74
C=O,-1.08
CC(Sc1cc(c(c(c1)C(C)(C)C)O)C(C)(C)C)(Sc1cc(c(c(c1)C(C)(C)C)O)C(C)(C)C)C,2.41
OC(=O)c1cc(c(cc1NCc1ccco1)Cl)S(=O)(=O)N,0.398
Clc1ccc(cc1)C(=O)NCCc1ccc(cc1)OC(C(=O)O)(C)C,0.301
OC(COc1ccc(cc1)COCCOC(C)C)CNC(C)C,1.0
OC(=O)CC(CC(C=Cc1c(c2ccc(cc2)F)c2c(n1C(C)C)cccc2)O)O,-0.155
NCC(=O)CCC(=O)O,-0.0809
Clc1ccc(c(c1)c1ccc(c(c1)Cl)Cl)Cl,2.07
CCN(CCOC(=O)c1ccc(cc1)N)CC,-0.892
ClCCN(C(COc1ccccc1)C)Cc1ccccc1,1.38
NNc1nnc2c(c1)CN(CC2)C(=O)c1ccccc1,0.748
OC(=O)C(Cc1cc(I)c(c(c1)I)Oc1ccc(c(c1)I)O)N,1.78
CC(=O)CNc1c(I)c(NC(=O)C)c(c(c1I)C(=O)O)I,0.114
CN(CCC=C1c2cc(ccc2OCc2c1cccc2)CC(=O)O)C,0.477
Clc1ccc(cc1)c1cc(Cl)cc(c1)Cl,1.78
CNC(Cc1ccccc1)(C)C,1.24
C#CC1(O)CCC2C1(C)CCC1C2CCc2c1ccc(c2)O,0.987
OCCN1CCN(CC1)c1cc(nc(n1)C)Nc1ncc(s1)C(=O)Nc1c(C)cccc1Cl,0.602
CN(CCc1c[nH]c2c1cc(CC1COC(=O)N1)cc2)C,0.556
N#Cc1ccc2c(c1)COC2(CCCN(C)C)c1ccc(cc1)F,1.52
Clc1cc(ccc1Cl)c1c(Cl)c(Cl)cc(c1Cl)Cl,5.31
CCCCCCCCCCCC(CC1OC(=O)C1CCCCCC)OC(=O)C(CC(C)C)NC=O,0.176
Clc1ccc2c(c1)N(C(=O)CC(=O)N2C)c1ccccc1,1.26
C1CN2C(=NC(C2)c2ccccc2)S1,0.74
O=C1C=CC2(C(N1)CCC1C2CCC2(C1CCC2C(=O)NC(C)(C)C)C)C,0.778
CCCN(CCC)CCc1cccc2c1CC(=O)N2,0.778
Clc1ccc(cc1)c1ccc(c(c1Cl)Cl)Cl,3.31
Clc1c(Cl)ccc(c1Cl)c1cc(Cl)c(c(c1Cl)Cl)Cl,5.36
O=C1NC(c2c1cccc2)(O)c1ccc(c(c1)S(=O)(=O)N)Cl,1.56
CCC(C(=O)OC1CC(O)C=C2C1C(CCC(CC(CC(=O)O)O)O)C(C=C2)C)C,-0.108
CCCCCc1cc(O)c2c(c1)OC(C1C2C=C(C)CC1)(C)C,1.52
O=C1C(O)CC(N1C)c1cccnc1,0.771
CNC1C(O)C2OC3OC(C)CC(=O)C3(OC2C(C1O)NC)O,0.255
Clc1ccc(cc1Cl)c1cc(Cl)c(c(c1)Cl)Cl,4.17
ClCCN(P1(=O)NCCCO1)CCCl,0.903
Clc1ccc(c(c1)c1cc(Cl)c(c(c1Cl)Cl)Cl)Cl,3.78
COc1ccccc1OCC(CN1CCN(CC1)CC(=O)Nc1c(C)cccc1C)O,0.845
CC(Cn1cnc2c1c1ccccc1nc2N)C,1.3
Clc1cccc(c1)C(=O)C(NC(C)(C)C)C,1.38
CC1(CC)CC(=O)NC1=O,1.72
COC(=O)C(c1ccccc1Cl)N1CCc2c(C1)ccs2,0.903
CC(c1cccc2c1cccc2)NCCCc1cccc(c1)C(F)(F)F,1.54
CCS(=O)(=O)CCn1c(C)ncc1N(=O)=O,1.11
Clc1ccc(c(c1)Cl)c1cc(Cl)c(cc1Cl)Cl,4.48
Clc1c(Cl)c(Cl)c(c(c1Cl)Cl)c1c(Cl)ccc(c1Cl)Cl,3.58
CCC1(O)C(=O)OCc2c1cc1c3nc4cc(F)c(c5c4c(c3Cn1c2=O)C(N)CC5)C,0.826
Nc1ccc(cc1)S(=O)(=O)Nc1ccccn1,1.0
CC(NCC(c1ccc(c(c1)C(=O)N)O)O)CCc1ccc2c(c1)OCO2,1.04
CCOC(=O)c1ccc(nc1)C#Cc1ccc2c(c1)C(C)(C)CCS2,1.26
Cc1cccc(c1C)C(c1cnc[nH]1)C,0.342
O1CCOCC1,-2.41e-16
Clc1cc2NCNS(=O)(=O)c2cc1S(=O)(=O)N,1.01
COc1cc(cc(c1OC)OC)C1C2C(=O)OCC2C(c2c1cc1OCOc1c2)O,0.439
OCCOCCN1CCN(CC1)C(c1ccc(cc1)Cl)c1ccccc1,1.35
CN(CCOC(c1ccccn1)(c1ccccc1)C)C,1.0
COC1(NC(=O)Cc2cccs2)C(=O)N2C1SCC(=C2C(=O)O)COC(=O)N,-0.0915
Clc1ccc(c(c1)c1c(Cl)cc(c(c1Cl)Cl)Cl)Cl,3.48
COc1ccc(cc1)C(=O)Nc1ccccc1C(CN1CCCCC1)C,0.415
OCC1OC(CC1O)n1cnc2c1NC=NCC2O,0.756
O=C(C(c1ccccc1)NC(=O)N1CCN(C1=O)S(=O)(=O)C)NC1C(=O)N2C1SC(C2C(=O)O)(C)C,0.0792
OC(c1ccc(cc1)C(C)(C)C)CCCN1CCC(CC1)C(c1ccccc1)(c1ccccc1)O,0.544
CN(CCCN1c2ccccc2CCc2c1cc(Cl)cc2)C,1.41
CCC(n1ncn(c1=O)c1ccc(cc1)N1CCN(CC1)c1ccc(cc1)OCC1COC(C1)(Cn1cncn1)c1ccc(cc1F)F)C(O)C,1.54
C#CC1(CCC2C1(C)CCC1C2CCc2c1ccc(c2)O)OS(=O)(=O)O,0.968
Clc1cc(ccc1Cl)c1c(Cl)c(Cl)c(c(c1Cl)Cl)Cl,5.14
FC(C(C(C(C(C(S(=O)(=O)O)(F)F)(F)F)(F)F)(F)F)(F)F)(F)F,4.81
CN(CCCN1c2ccccc2CCc2c1cccc2)C,1.2
CCCCC(C1(O)CCC2C(O1)CC(=O)C2CCCCCCC(=O)O)(F)F,0.0607
OCCN(c1nc(N2CCCCC2)c2c(n1)c(nc(n2)N(CCO)CCO)N1CCCCC1)CCO,-0.176
COc1ccc2c(c1)C13CCCCC3C(C2)N(CC1)C,0.653
COc1cc(OC)cc(c1C(=O)CCCN1CCCC1)OC,0.519
O=C1CCC2(C(=C1)CCC1C2CCC2(C1CCC2O)C)C,0.263
O=C1NC(CC2OC2(C)CCCC(C(C(C(=O)C(C(C1)O)(C)C)C)O)C)C(=Cc1csc(n1)C)C,1.23
OCCN1CCN(CC1)CCC=C1c2ccccc2Sc2c1cc(cc2)C(F)(F)F,1.46
CC(Nc1cccnc1N1CCN(CC1)C(=O)c1cc2c([nH]1)ccc(c2)NS(=O)(=O)C)C,0.763
Clc1ccc(cc1)C1(O)CCN(CC1)CCC(C(=O)N(C)C)(c1ccccc1)c1ccccc1,1.03
O=C(C(c1ccccc1)O)NC1C(=O)N2C1SCC(=C2C(=O)O)CSc1nnc(s1)C,0.0
CCCCC1OC2OC3C(O)C(NC)C(C(C3OC2(C(=O)C1)O)NC)O,1.04
Oc1ccc2c(c1)Oc1c(C32OC(=O)c2c3cccc2)ccc(c1)O,0.204
COCCOC(=O)C1=C(C)NC(=C(C1c1cccc(c1)N(=O)=O)C(=O)OC(C)C)C,0.114
NC(=O)OCC1C(NC(=O)C(=NOCC(=O)O)c2csc(n2)N)C(=O)N1S(=O)(=O)O,0.204
CCOC(=O)C(NC1CCc2c(N(C1=O)CC(=O)O)cccc2)CCc1ccccc1,1.02
O=C(Cc1ccccc1)NC(=O)N,1.37
CCC(NC(=O)C1CN(C)C2C(=C1)c1cccc3c1c(C2)c[nH]3)CO,0.53
O=C1CN(C(=O)N1)N=Cc1ccc(o1)c1ccc(cc1)N(=O)=O,1.0
C#CC1(O)CCC2C1(C)CCC1C2CCC2=Cc3c(CC12C)cno3,1.38
CCC(=O)NCCC1CCc2c1c1CCOc1cc2,0.255
O=C1CCC(C(=O)N1)N1Cc2c(C1=O)cccc2N,0.477
CCCCC(=O)N(C(C(=O)O)C(C)C)Cc1ccc(cc1)c1ccccc1c1n[nH]nn1,0.978
CCCN(S(=O)(=O)c1ccc(cc1)C(=O)O)CCC,0.771
OCc1cc(O)c2c3c1c1c(C)cc(c4c1c1c3c3c(C2=O)c(O)cc(c3c2c1c(C4=O)c(O)cc2O)O)O,1.3
OC1C(O)C(OC1n1cnc2c1nc(F)nc2N)COP(=O)(O)O,1.3
ClC(=C(c1ccc(cc1)Cl)c1ccc(cc1)Cl)Cl,4.88
COc1cc2CCN(Cc2cc1OC)c1cc(N)c2c(n1)cc(c(c2)OC)OC,0.771
O=C1CCC(N1C)c1cccnc1,1.23
CN(Cc1cccc2c1cccc2)CC=Cc1ccccc1,1.78
SCC(C(=O)O)NC(=O)C,0.74
Clc1cc(Cl)c(cc1c1cc(Cl)c(c(c1Cl)Cl)Cl)Cl,5.65
Clc1ccccc1c1ccccc1,1.31
Clc1ccc(c(c1)Cl)c1ccc(c(c1)Cl)Cl,3.2
CCCC(=O)Nc1ccc(c(c1)C(=O)C)OCC(CNC(C)C)O,0.544
COc1cccc2c1C(=O)c1c(C2=O)c(O)c2c(c1O)C(OC1CC(N)C(C(O1)C)O)CC(C2)(O)C(=O)C,1.27
OCC(COc1ccc(cc1)Cl)O,0.562
COc1ccc2c3c1OC1C43CCN(C(C2)C4CCC1=O)C,0.327
Brc1cc(Br)c(cc1Oc1c(Br)cc(c(c1Br)Br)Br)Br,3.87
CNC1Cc2c(CC1)[nH]c1c2cc(cc1)C(=O)N,1.38
OC(c1cc(O)cc(c1)O)CNC(C)(C)C,1.18
COc1c2oc(=O)ccc2cc2c1occ2,0.301
CC1SCC2(O1)CN1CCC2CC1,0.699
Clc1ccc(cc1)c1cc(Cl)cc(c1Cl)Cl,3.23
Clc1cccc(c1)c1cc(Cl)cc(c1)Cl,1.77
CCCNC1CCc2c(C1)sc(n2)N,0.903
CN1CC(c2ccccc2)c2c(C1)c(N)ccc2,0.813
CC(NCCCNC(=O)Nc1c(C)cccc1C)C,0.699
Clc1ccc(cc1)c1cccc(c1Cl)Cl,1.5
Clc1cc(Cl)c(c(c1Cl)c1ccccc1)Cl,3.01
O=C(c1ccccc1)NCCC(=O)O,-0.229
CCC(NCCNC(CO)CC)CO,0.491
NCCCNCCSP(=O)(O)O,-0.875
CCC(N1CCCC1=O)C(=O)N,0.845
COc1ccc2c(c1)C(=O)N(C(=O)C2(C)C)CCc1ccc(cc1)S(=O)(=O)NC(=O)NC1CCCCC1,0.903
OC1CC(O)CC(=CC=C2CCCC3(C2CCC3C(C=CC(C(O)(C)C)C)C)C)C1,0.724
Clc1cccc(c1)N1CCN(CC1)CCCn1nc2n(c1=O)cccc2,0.863
Clc1cc(Cl)c(c(c1c1cc(Cl)c(c(c1)Cl)Cl)Cl)Cl,5.18
CN(CCN(c1ccccn1)Cc1cccs1)C,0.204
Clc1ccc(c(c1Cl)Cl)c1c(Cl)c(Cl)c(c(c1Cl)Cl)Cl,5.14
Clc1ccc(c(c1)Cl)c1c(Cl)cc(cc1Cl)Cl,3.78
O=C(NC(C(CC(Cc1ccccc1)NC(=O)C(C(C)C)NC(=O)N(Cc1csc(n1)C(C)C)C)O)Cc1ccccc1)OCc1cncs1,0.602
CCCC1C(=O)n2n(C1=O)c1cc(C)ccc1nc2N(C)C,1.23
CN(CCCNc1ncc(c2c1c1c([nH]2)ccc2c1ccc(c2)O)C)C,1.28
CCN(CC(=O)Nc1c(C)cccc1C)CC,0.204
CN1C2CCC1CC(C2)OC(=O)c1c[nH]c2c1cccc2,0.748
CCN(CCN1C(=O)CN=C(c2c1ccc(c2)Cl)c1ccccc1F)CC,0.362
CCN(CCOc1ccc(cc1)C(=C(c1ccccc1)Cl)c1ccccc1)CC,2.16
Clc1ccc(c(c1)c1cc(Cl)cc(c1Cl)Cl)Cl,3.61
Clc1ccc(c(c1)Cl)c1ccccc1,1.58
COc1ccc2c(c1)N(CC(CN(C)C)C)c1c(S2)cccc1,1.48
NC1CCN(C1)c1c(F)cc2c(c1Cl)n(cc(c2=O)C(=O)O)C1CC1,0.732
ClCCN(C(=O)NC1CCCCC1)N=O,0.195
Clc1cccc(c1)c1cc(Cl)cc(c1Cl)Cl,2.07
N#Cc1ccc(cc1C(F)(F)F)NC(=O)C(CS(=O)(=O)c1ccc(cc1)F)(O)C,2.15
CC(CC(B(O)O)NC(=O)C(NC(=O)c1cnccn1)Cc1ccccc1)C,1.26
O=C1OCC(=C1c1ccccc1)c1ccc(cc1)S(=O)(=O)C,1.23
FCSC(=O)C1(OC(=O)CC)C(C)CC2C1(C)CC(O)C1(C2CC(C2=CC(=O)C=CC12C)F)F,0.778
c1scc(n1)c1nc2c([nH]1)cccc2,0.0792
Oc1ccc2c(c1)sc(c2C(=O)c1ccc(cc1)OCCN1CCCCC1)c1ccc(cc1)O,1.44
CC(=O)NO,0.875
CCCCCC(CCC1C(O)CC2C1Cc1cccc(c1C2)OCC(=O)O)O,0.477
CN=C1CN(O)C(=c2c(=N1)ccc(c2)Cl)c1ccccc1,0.919
Clc1cc(Cl)c(cc1c1ccc(c(c1Cl)Cl)Cl)Cl,4.93
CCCCOc1ccc(cc1)C(=O)CCN1CCCCC1,-0.125
CCC1=C(C)CN(C1=O)C(=O)NCCc1ccc(cc1)S(=O)(=O)NC(=O)NC1CCC(CC1)C,0.998
CCc1ccc(nc1)CCOc1ccc(cc1)CC1SC(=O)NC1=O,0.699
Clc1ccc(c(c1Cl)Cl)c1c(Cl)c(Cl)cc(c1Cl)Cl,4.88
O=C1CCc2c(N1)cc(cc2)OCCCCN1CCN(CC1)c1cccc(c1Cl)Cl,1.88
COC1(NC(=O)C(c2ccc(cc2)O)C(=O)O)C(=O)N2C1OCC(=C2C(=O)O)CSc1nnnn1C,0.462
COc1cc(ccc1Nc1c2ccccc2nc2c1cccc2)NS(=O)(=O)C,0.672
Clc1cc(ccc1Cl)c1cccc(c1Cl)Cl,2.07
Clc1c(Cl)cccc1c1cccc(c1Cl)Cl,2.96
NCCCCC(C(=O)NC(Cc1ccccc1)C)N,0.0
CN(CCc1ccc(cc1)NS(=O)(=O)C)CCOc1ccc(cc1)NS(=O)(=O)C,0.908
CCCC(C(=O)O)CCC,1.08
NCCCCNCCCNC1CCC2(C(C1)CC(C1C2CCC2(C1CCC2C(CCC(C(C)C)OS(=O)(=O)O)C)C)O)C,0.978
Clc1cc(Cl)c(cc1c1c(Cl)cc(c(c1Cl)Cl)Cl)Cl,4.74
Clc1ccc(c(c1)c1ccccc1)Cl,1.58
NC(C=C)CCC(=O)O,1.1
Clc1c(Cl)ccc(c1Cl)c1c(Cl)cccc1Cl,3.01
O=C(C(C1=CCC=CC1)N)NC1C(=O)N2C1SCC(=C2C(=O)O)C,-0.0706
ClC(C(c1ccc(cc1)Cl)c1ccc(cc1)Cl)(Cl)Cl,4.28
Clc1ccc(cc1)c1ccc(c(c1)Cl)Cl,1.78
C=CCN1CCC23C(C1Cc1c3cc(cc1)O)CCCC2,0.0
COc1ccccc1OCCNCC(COc1cccc2c1c1ccccc1[nH]2)O,0.38
OC(c1ccccc1)(c1ccccc1)CCCN1CCCCC1,0.602
Clc1cc2Oc3c(Oc2cc1Cl)cc(c(c3Cl)Cl)Cl,4.88
CCOC(=O)Nc1ccc(nc1N)NCc1ccc(cc1)F,0.929
Fc1ccc(c(c1)F)C(OP(=O)(O)O)(Cn1cncn1)Cn1cncn1,0.322
OC(=O)CCCCCCCC(=O)O,-0.125
CN1CCOC(c2c(C1)cccc2)c1ccccc1,0.699
CC(=O)NS(=O)(=O)c1ccc(cc1)N,0.996
OCC(=O)C1(O)C(C)CC2C1(C)CC(O)C1(C2CCC2=CC(=O)C=CC12C)Cl,0.447
CN(CCc1c[nH]c2c1cc(cc2)Cn1cncn1)C,0.342
OC(=O)C1N=C(c2ccccc2)c2c(NC1=O)ccc(c2)Cl,0.38
OCC1OC(C(C1O)O)n1cnc2c1nc(F)nc2N,1.04
NC(c1ccccc1)C(=O)NC1C(=O)N2C1SCC(=C2C(=O)O)C,-0.244
COc1ccc(cc1)C1Sc2ccccc2N(C(=O)C1OC(=O)C)CCN(C)C,0.748
CCC1(O)C(=O)OCc2c1cc1c3nc4ccc(cc4c(c3Cn1c2=O)CC)OC(=O)N1CCC(CC1)N1CCCCC1,0.954
Clc1ccc2c(c1)S(=O)(=O)N=C(N2)C,1.68
CN1CCN(CC1)CCC=C1c2ccccc2Sc2c1cc(cc2)S(=O)(=O)N(C)C,1.18
Clc1ccc(c(c1Cl)Cl)c1c(Cl)ccc(c1Cl)Cl,3.48
Clc1cc(Cl)c(c(c1)c1cc(Cl)c(cc1Cl)Cl)Cl,5.37
OC(=O)C(CSCCCCC=C(C(=O)O)NC(=O)C1CC1(C)C)N,-0.0655
Oc1ccc(cc1)CCNC(C(c1ccc(cc1)O)O)C,0.415
Clc1cc(Cl)cc(c1)c1c(Cl)c(Cl)c(c(c1Cl)Cl)Cl,5.22
ClCCC(=C(c1ccccc1)c1ccc(cc1)OCCN(C)C)c1ccccc1,2.08
CCN(CCNC(=O)c1cc(Br)c(cc1OC)N)CC,0.462
CCC1C(=O)OCC1Cc1cncn1C,-0.119
C=C1CCC2(C34C1Oc1c4c(CC2N(CC3)CC2CC2)ccc1O)O,0.944
CN(CCCN1c2ccccc2Sc2c1cccc2)C,0.898
C=CCOc1ccccc1OCC(CNC(C)C)O,0.176
CSCCC(C(=O)NC(C(=O)NC(C(=O)N)Cc1ccccc1)CC(=O)O)NC(=O)C(Cc1c[nH]c2c1cccc2)NC(=O)CCNC(=O)OCC(C)C,-0.778
CCCC(=O)N1CCCN(CC1)c1nc(N)c2c(n1)cc(c(c2)OC)OC,0.301
CCOc1ccccc1OCC1COCCN1,0.613
CCOC(=O)CNC(C(=O)N1CCC1C(=O)NCc1ccc(cc1)C(=NO)N)C1CCCCC1,0.602
COCCOc1cnc(nc1)NS(=O)(=O)c1ccccc1,0.602
Clc1cccc(c1Cl)c1c(Cl)c(Cl)c(c(c1Cl)Cl)Cl,3.48
ClC1C(Cl)C(Cl)C(C(C1Cl)Cl)Cl,3.07
O=C(C1CCC(CC1)(F)F)NC(c1ccccc1)CCN1C2CCC1CC(C2)n1c(C)nnc1C(C)C,1.2
CC(=O)N=c1sc(nn1C)S(=O)(=O)N,1.15
FC(Cl)(Cl)F,0.176
ClCCNC(=O)N(CCCl)N=O,-0.432
CN1CCN(CC1)C(=O)OC1c2nccnc2C(=O)N1c1ccc(cn1)Cl,0.716
Clc1ccc(cc1)c1c(C)c(nn1c1ccc(cc1Cl)Cl)C(=O)NN1CCCCC1,2.42
OC(=O)CNC(=O)C(Cc1ccccc1)CN1CCC(C(C1)C)(C)c1cccc(c1)O,1.13
Brc1c(Oc2c(Br)c(Br)c(c(c2Br)Br)Br)c(Br)c(c(c1Br)Br)Br,2.46
CN(CCOC(c1ccccn1)c1ccc(cc1)Cl)C,1.18
CC(Cc1ccccc1)(N)C,1.37
Cc1ccc(cc1)c1cc(nn1c1ccc(cc1)S(=O)(=O)N)C(F)(F)F,1.04
OC(C(=O)NC1C(=O)N2C1SCC(=C2C(=O)O)CSc1nnnn1C)c1ccccc1,-0.125
Clc1cc2oc3c(c2c(c1Cl)Cl)c(Cl)c(c(c3Cl)Cl)Cl,4.61
CC(COCC(N1CCCC1)CN(c1ccccc1)Cc1ccccc1)C,1.57
Cc1ncsc1CCCl,0.653
Clc1ccc(c(c1)c1c(Cl)ccc(c1Cl)Cl)Cl,3.01
Oc1ccc2c(c1)CCC1C2CCC2(C1CCC2O)C,0.23
NC(=O)C(c1ccccc1)(c1ccccc1)C1CCN(C1)CCc1ccc2c(c1)CCO2,0.556
CNS(=O)(=O)CCc1ccc2c(c1)c(c[nH]2)C1CCN(CC1)C,0.82
CN1CCCC1c1cccnc1,0.301
NC12CC3CC(C2)CC(C1)C3,1.2
COC(=O)C1=C(C)NC(=C(C1c1ccccc1N(=O)=O)C(=O)OC)C,0.279
CCN(C(=O)C(=Cc1cc(O)c(c(c1)N(=O)=O)O)C#N)CC,0.38
Clc1c(Cl)c(Cl)c2c(c1Cl)oc1c2c(Cl)c(c(c1Cl)Cl)Cl,4.18
Clc1cnc(c(c1)c1ccc(cc1)S(=O)(=O)C)c1ccc(nc1)C,1.41
O=C1NC(C(=O)N1c1ccc(c(c1)C(F)(F)F)N(=O)=O)(C)C,1.69
O=N(=O)OC(CON(=O)=O)CON(=O)=O,-1.3
COc1ccc2c3c1OC1C43CCN(C(C2)C4C=CC1O)C,0.602
OC(COc1cccc2c1cccc2)CNC(C)C,0.531
ClC(Cl)Cl,0.176
OC1CCC2(C(C1)CCC1C2CCC2(C1CCC2C(=O)C)C)C,0.672
C1CN=C(N1)C1COc2c(O1)cccc2,0.623
Clc1cc(Cl)cc(c1)c1ccccc1Cl,2.04
COc1cc2nc(nc(c2cc1OC)N)N(CCCNC(=O)C1CCCO1)C,0.681
CCCC(C(=O)O)NC(C(=O)N1C2CCCCC2CC1C(=O)O)C,1.46
C#CC1(O)CCC2C1(C)CCC1C2CCC2=CC(=O)CCC12,0.845
Clc1ccc(c(c1)Cl)c1cccc(c1Cl)Cl,3.25
Clc1c(Cl)cc(c(c1c1c(Cl)ccc(c1Cl)Cl)Cl)Cl,3.48
CN(CCC=C1c2ccccc2OCc2c1cccc2)C,1.18
c1ccc(cc1)c1ccccc1,0.278
CCC1(CCCCN(C1)C)c1cccc(c1)O,0.23
OC(=O)Cc1cc(C)ccc1Nc1c(F)cccc1Cl,0.602
Clc1ccc(cc1)C1(O)c2ccccc2C2=NCCN12,1.06
N#CCSCC(=O)NC1(OC)C(=O)N2C1SCC(=C2C(=O)O)CSc1nnnn1C,0.176
Clc1c(Cl)cc2c(c1Cl)Oc1c(O2)cc(c(c1Cl)Cl)Cl,4.78
NC(=O)CCCNC(=C1C=C(F)C=CC1=O)c1ccc(cc1)Cl,0.602
Nc1nc(N)c2c(n1)nc(c(n2)c1ccccc1)N,0.633
OCC(c1ccccc1)C(=O)OC1CC2CCC(C1)N2C,0.613
Nc1nc2c(s1)cc(cc2)OC(F)(F)F,1.08
CN(CC=C(c1cccnc1)c1ccc(cc1)Br)C,0.924
OC(COc1ccccc1C1CCCC1)CNC(C)(C)C,1.38
O=C(c1cc(OCC(F)(F)F)ccc1OCC(F)(F)F)NCC1CCCCN1,1.08
COCCOc1cc2c(ncnc2cc1OCCOC)Nc1cccc(c1)C#C,1.56
OCC(C(c1ccc(cc1)N(=O)=O)O)NC(=O)C(Cl)Cl,0.663
Clc1cccc(c1Cl)c1cc(Cl)c(c(c1Cl)Cl)Cl,3.78
Clc1cc(ccc1Cl)c1ccccc1Cl,1.97
Clc1ccc2c(c1)CCc1c(C2=C2CCNCC2)nccc1,1.7
OC(=O)C(c1ccc(s1)C(=O)c1ccccc1)C,0.301
OC1C=CC2C34C1Oc1c4c(CC2N(CC3)C)ccc1O,0.301
CCC(C#C)(C=CCl)O,1.78
OC(C1CCc2c(O1)ccc(c2)F)CNCC(C1CCc2c(O1)ccc(c2)F)O,1.0
OCC(Cn1cnc2c1c(=O)n(C)c(=O)n2C)O,0.23
O=C(c1cnoc1C)Nc1ccc(cc1)C(F)(F)F,2.53
COc1cc2ncnc(c2cc1OCCCN1CCOCC1)Nc1ccc(c(c1)Cl)F,1.43
OC(=O)C(Cc1cc(I)c(c(c1)I)Oc1cc(I)c(c(c1)I)O)N,2.19
O=C(Cc1ccccc1)NC1C(=O)N2C1SC(C2C(=O)O)(C)C,-0.155
FC(c1cc2NCNS(=O)(=O)c2cc1S(=O)(=O)N)(F)F,0.716
OC(COc1cccc2c1cc[nH]2)CNC(C)C,0.342
CC(C1C(=O)N2C1CC(=C2C(=O)O)SC1CCN(C1)C(=N)C)O,-0.0177
Fc1ccc(cc1)C(=O)CCCN1CCC(CC1)(O)c1ccc(cc1)Cl,1.54
Cc1ccc(c(c1)OCCCC(C(=O)O)(C)C)C,0.176
Clc1cccc(c1)N1CCNCC1,0.672
Nc1ccc(cc1)S(=O)(=O)c1ccc(cc1)N,1.34
OCC1C=CC(C1)n1cnc2c1nc(N)nc2NC1CC1,0.0
CCOc1ccc2c(c1C(=O)NC1C(=O)N3C1SC(C3C(=O)O)(C)C)cccc2,-0.155
Clc1ccc2c(c1)C(=NC(C(=O)N2C)O)c1ccccc1Cl,0.69
Clc1cc2Oc3cc(Cl)c(cc3Oc2cc1Cl)Cl,4.83
OCC(c1ccccc1)C(=O)OC1CC2N(C(C1)C1C2O1)C,0.653
CNC(=O)c1nccc(c1)Oc1ccc(cc1)NC(=O)Nc1ccc(c(c1)C(F)(F)F)Cl,1.56
O=C1c2ccccc2S(=O)(=O)N1CCCCNCC1CCc2c(O1)cccc2,0.0792
CCN(C(=O)C1CN2CCc3c(C2CC1OC(=O)C)cc(c(c3)OC)OC)CC,0.114
Oc1ccc2c(c1)C13CCCCC3C(C2)N(CC1)C,1.13
CC(=O)CCCCn1c(=O)c2n(C)cnc2n(c1=O)C,0.0792
OCCNCCNc1ccc(c2c1C(=O)c1c(C2=O)c(O)ccc1O)NCCNCCO,1.72
O=C1C(CCc2c1c1ccccc1n2C)Cn1ccnc1C,0.531
OCC1OC(CC1O)n1cc(C)c(=O)[nH]c1=O,1.18
CC(NCC(c1ccc(cc1)NS(=O)(=O)C)O)C,0.799
ClC(C(c1ccccc1Cl)c1ccc(cc1)Cl)Cl,3.33
C#CC1(O)C=CC2C1(CC)CCC1C2CCC2=CC(=O)CCC12,1.0
Clc1ccc(cc1)c1cc(Cl)c(c(c1Cl)Cl)Cl,4.99
CN(CCCN1c2ccccc2CCc2c1ccc(c2)O)C,1.0
COc1ccc(cc1C(CNC(=O)CN)O)OC,-0.301
OC(=O)COc1ccc(cc1Cl)Cl,1.52
CCC1(O)CN2CCC1CC2C(c1ccnc2c1cc(OC)cc2)O,0.826
CCCCC(COC(=O)c1ccccc1C(=O)OCC(CCCC)CC)CC,-0.125
CC=CC1=C(C(=O)O)N2C(SC1)C(C2=O)NC(=O)C(c1ccc(cc1)O)N,0.0792
Nc1ccc(cc1)S(=O)(=O)Nc1onc(c1C)C,0.869
NC(=O)CC(C(=O)NC(C(CN1CC2CCCCC2CC1C(=O)NC(C)(C)C)O)Cc1ccccc1)NC(=O)c1ccc2c(n1)cccc2,1.11
COCC1(CCN(CC1)CCc1cccs1)N(c1ccccc1)C(=O)CC,1.15
CCCCc1oc2c(c1C(=O)c1cc(I)c(c(c1)I)OCCN(CC)CC)cccc2,2.91
Clc1ccc(c(c1)c1ccccc1Cl)Cl,2.48
OC(=O)c1ccccc1Nc1c(Cl)ccc(c1Cl)C,0.484
CCN(C(=O)C1CN(C)C2C(=C1)c1cccc3c1c(C2)c[nH]3)CC,0.477
CN1CCN(CC1)CCCCN1C(=O)CN(C1=O)N=Cc1ccc(o1)c1ccccc1,1.9
NC(c1ccccc1)C(=O)NC1C(=O)N2C1SC(C2C(=O)O)(C)C,0.146
CN(CCCN1c2ccccc2Sc2c1cc(Cl)cc2)C,1.04
CN(C(CN1c2ccccc2Sc2c1cccc2)C)C,1.09
Nc1nc(cs1)C(=NOCC(=O)O)C(=O)NC1C2SCC(=C(N2C1=O)C(=O)O)C=C,0.505
CCC(=O)C(c1ccccc1)(c1ccccc1)CC(N(C)C)C,1.49
Clc1ccc(cc1)c1ccccc1,0.613
ClC=CCl,-0.523
COCCCOc1ccnc(c1C)CS(=O)c1nc2c([nH]1)cccc2,0.0
Nc1ccc(cc1)N(=O)=O,0.301
CC#CCC(C(C=CC1C(O)CC2C1CC(=CCCCC(=O)OCC(=O)c1ccccc1)C2)O)C,-0.244
O=C1Nc2c(C1)cc(c(c2)Cl)CCN1CCN(CC1)c1nsc2c1cccc2,0.491
CNCCC(c1cccs1)Oc1cccc2c1cccc2,1.08
CON=C(c1csc(n1)N)C(=O)NC1C2SCC(=C(N2C1=O)C(=O)O)COC,0.392
O=N(=O)OC1COC2C1OCC2O,0.279
Clc1ccc(c(c1)Cl)c1c(Cl)ccc(c1Cl)Cl,3.01
NC(=O)N1c2ccccc2C=Cc2c1cccc2,1.65
O=C(c1ccccc1)NC1CCN(CC1)CCc1cc2c([nH]1)cccc2,0.633
CCCN1CCCCC1C(=O)Nc1c(C)cccc1C,0.342
COc1cc2c(cc1OC)CC(C2=O)CC1CCN(CC1)Cc1ccccc1,1.85
Clc1ccc(cc1)c1ccccc1Cl,1.64
CN1CCCCC1C(=O)Nc1c(C)cccc1C,0.301
OCCN(CCCC(Nc1ccnc2c1ccc(c2)Cl)C)CC,2.93
O=C1NCC2(O1)CCN(CC2)CCc1ccccc1,1.15
CCN1CCCC1CNC(=O)c1c(OC)ccc(c1OC)Br,0.74
O=C(NS(=O)(=O)c1ccc(cc1)C)NN1CC2C(C1)CCC2,1.04
Clc1ccc2c(c1)C(=NCc1n2c(C)nn1)c1ccccc1,1.08
CC(C1=NCCN1)Oc1c(Cl)cccc1Cl,1.04
CCCC(C1(CC)C(=O)NC(=O)NC1=O)C,1.34
CCN1CCCC1CNC(=O)c1cc(c(cc1OC)N)S(=O)(=O)CC,1.08
COc1ccc(cc1)CCN1CCC(CC1)Nc1nc2c(n1Cc1ccc(cc1)F)cccc2,1.38
CCCN1CC(CSC)CC2C1Cc1c[nH]c3c1c2ccc3,1.43
OCC1OC(C(C1O)F)n1cnc2c1nc(Cl)nc2N,0.716
CON=C(C(=O)NC1C(=O)N2C1SCC(=C2C(=O)O)CSc1nnnn1C)c1csc(n1)N,0.0
CCCCOC(=O)c1ccccc1C(=O)OCc1ccccc1,-0.602
OCC1OC(OC2C(OC3C(O)C(O)C(C(C3NC(=N)N)O)NC(=N)N)OC(C2(O)C=O)C)C(C(C1O)O)NC,0.633
CN1C(=O)CC(C1=O)(C)c1ccccc1,0.301
Nc1ccn(c(=O)n1)C1CSC(O1)CO,0.959
OC(=O)C(Cc1ccc(c(c1)O)O)N,0.114
CCc1cccc2c1oc(c2)C(CNC(C)(C)C)O,0.362
OC1CCC2(C34C1Oc1c4c(CC2N(CC3)CC2CCC2)ccc1O)O,0.568
Clc1ccccc1C(n1cncc1)(c1ccccc1)c1ccccc1,0.301
CCC1(C(=O)NCNC1=O)c1ccccc1,1.11
COc1cc(ccc1Cc1cn(c2c1cc(cc2)NC(=O)OC1CCCC1)C)C(=O)NS(=O)(=O)c1ccccc1C,1.0
CCOC(=O)CC(C(=O)OCC)SP(=S)(OC)OC,1.2
Clc1cc(Cl)c(c(c1)c1c(Cl)cccc1Cl)Cl,3.01
ClC1=C(Cl)C2(C(C1(Cl)C1C2C2CC1C1C2O1)(Cl)Cl)Cl,3.95
CCNc1nc(NC(C)C)nc(n1)Cl,1.48
NCCCCCC(=O)O,0.69
CC(CCCC(C1CCC2C1(C)CCCC2=CC=C1CC(O)CCC1=C)C)C,2.83
CCCC(COC(=O)N)(COC(=O)N)C,1.15
N#CC(c1ccccc1)(c1ccccc1)CCN1CCC(CC1)(N1CCCCC1)C(=O)N,0.903
CN(CCC=C1c2ccccc2C=Cc2c1cccc2)C,1.26
CCOC(=O)C1=C(C)NC(=C(C1c1cccc(c1)N(=O)=O)C(=O)OC)C,0.914
COC(=O)C1C(O)CCC2C1CC1N(C2)CCc2c1[nH]c1c2cccc1,-0.222
CN1CCN2C(C1)c1ccccc1Cc1c2cccc1,1.13
CCN(C(CN1c2ccccc2Sc2c1cccc2)C)CC,0.176
COC(=O)C1=C(C)NC(=C(C1c1ccccc1N(=O)=O)C(=O)OCC(C)C)C,1.04
CCOC(=O)C(NC(C(=O)N1CC2(CC1C(=O)O)SCCS2)C)CCc1ccccc1,1.51
Clc1cc(Cl)c(c(c1Cl)Cl)c1c(Cl)c(Cl)cc(c1Cl)Cl,4.88
COc1cc(cc(c1O)OC)C1C2C(=O)OCC2C(c2c1cc1OCOc1c2)OC1OC2COC(OC2C(C1O)O)C,0.756
NS(=O)(=O)OCC12OCC3C(C2OC(O1)(C)C)OC(O3)(C)C,1.32
CC(c1ccc2c(c1)c(=O)c1c(o2)nc(c(c1)C(=O)O)N)C,0.544
O=C(C1CN(C)C2C(=C1)c1cccc3c1c(C2)c[nH]3)NC1(C)OC2(N(C1=O)C(Cc1ccccc1)C(=O)N1C2CCC1)O,0.322
CON=C(c1csc(n1)N)C(=O)NC1C(=O)N2C1SCC(=C2C(=O)O)CSc1nc(c(s1)CC(=O)O)C,0.623
OC(COc1cccc2c1CCCC2=O)CNC(C)(C)C,0.778
OC(=O)C(C(C(C(C(C(C(F)(F)F)(F)F)(F)F)(F)F)(F)F)(F)F)(F)F,4.68
OC(=O)Cc1ccc(n1C)C(=O)c1ccc(cc1)C,0.699
O=C(NC1C(=O)N2C1SCC(=C2C(=O)O)COC(=O)C)CSc1ccncc1,0.0792
CC(=CCN1CCC2(C(C1Cc1c2cc(cc1)O)C)C)C,0.398
CCCCS(=O)(=O)NC(C(=O)O)Cc1ccc(cc1)OCCCCC1CCNCC1,0.204
Nc1ccc(cc1)S(=O)(=O)Nc1ncccn1,0.845
OCC(C(C(C(CO)O)O)O)O,0.222
CC(Cn1cnc2c1ncnc2N)OCP(=O)(O)O,0.763
CCC12CC(=C)C3C(C1CCC2(O)C#C)CCC1=CCCCC31,1.44
NCC(CC(=O)O)CC(C)C,0.778
CCCCCCCN(CCCC(c1ccc(cc1)NS(=O)(=O)C)O)CC,0.845
Fc1ccc(c(c1)F)C(C(S(=O)(=O)C)C)(Cn1cncn1)O,1.69
C#CC1(CCCCC1)OC(=O)N,0.349
COc1c(OC)cc2c(c1OC)c1ccc(c(=O)cc1C(CC2)NC(=O)C)OC,1.76
COc1c(N2CCNC(C2)C)c(F)cc2c1n(cc(c2=O)C(=O)O)C1CC1,1.0
Clc1cc(Cl)c(cc1c1cc(Cl)c(cc1Cl)Cl)Cl,5.11
c1ccc(cc1)c1ccc(cc1)C(n1ccnc1)c1ccccc1,0.176
Clc1ccc2c(c1)[nH]c(=O)n2C1CCN(CC1)CCCn1c(=O)[nH]c2c1cccc2,0.875
NCC1CC1(c1ccccc1)C(=O)N(CC)CC,0.903
Clc1cc(Cl)c(cc1c1c(Cl)c(Cl)c(c(c1Cl)Cl)Cl)Cl,5.48
NC(=Nc1scc(n1)CSCCC(=NS(=O)(=O)N)N)N,0.447
CCC(C(=O)OC1CC(C)C=C2C1C(CCC1CC(O)CC(=O)O1)C(C=C2)C)C,0.724
Clc1cc(Cl)c(c(c1)Cl)c1c(Cl)cccc1Cl,2.18
OCC(=O)C12OC(OC1CC1C2(C)CC(O)C2C1CC(C1=CC(=O)C=CC21C)F)(C)C,0.255
CC(OC(=O)CCCC=CCC1C(O)CC(C1C=CC(COc1cccc(c1)C(F)(F)F)O)O)C,-0.125
O=C1C(NC(=O)c2c(C)onc2c2c(F)cccc2Cl)C2N1C(C(=O)O)C(S2)(C)C,0.146
CN1CC(CC2C1Cc1c[nH]c3c1c2ccc3)C(=O)NC1(C)OC2(N(C1=O)C(Cc1ccccc1)C(=O)N1C2CCC1)O,0.954
Clc1ccc2c(c1)C(=NCC(=O)N2CC1CC1)c1ccccc1,2.07
Brc1cc(Br)c(cc1c1cc(Br)c(cc1Br)Br)Br,4.76
NC(=NCCN1CCCCCCC1)N,1.56
OC1COC(C(C1OS(=O)(=O)O)OS(=O)(=O)O)OC1COC(C(C1OS(=O)(=O)O)OS(=O)(=O)O)O,0.681
OC(=O)C1N2C(=O)C(C2SC1(C)C)NC(=O)c1c(C)onc1c1c(Cl)cccc1Cl,-0.0555
Clc1cc(Cl)c(c(c1)c1cccc(c1Cl)Cl)Cl,3.78
CCN1C(=O)NC(C1=O)c1ccccc1,0.778
Nc1ccc(cc1)S(=O)(=O)Nc1nnc(s1)C,0.74
FCCn1cc(C(=O)O)c(=O)c2c1c(F)c(N1CCN(CC1)C)c(c2)F,0.934
COc1cccc(c1C(=O)NC1C(=O)N2C1SC(C2C(=O)O)(C)C)OC,-0.194
O=C1CCC2(C(=C1)CCC1C2(F)C(O)CC2(C1CCC2(C)O)C)C,0.964
CC(=O)OCC1=C(C(=O)O)N2C(SC1)C(C2=O)NC(=O)Cc1cccs1,-0.0223
Clc1cc(ccc1Cl)c1c(Cl)cccc1Cl,2.94
Clc1cc(ccc1Cl)c1c(Cl)ccc(c1Cl)Cl,3.16
ClC1CC2C(C1Cl)C1(C(C2(Cl)C(=C1Cl)Cl)(Cl)Cl)Cl,3.32
Clc1cc(Cl)c(c(c1)Cl)c1ccc(c(c1Cl)Cl)Cl,3.88
NC(C(S)(C)C)C(=O)O,0.0
CCOC(=O)C1(CCC=CC1NC)c1ccccc1,0.643
FC(C(C(C(C(S(=O)(=O)O)(F)F)(F)F)(F)F)(F)F)(C(C(C(F)(F)F)(F)F)(F)F)F,4.62
O=C(N(C)C)Oc1cc(cc(c1)OC(=O)N(C)C)C(CNC(C)(C)C)O,0.415
Fc1ccc2c(c1)onc2C1CCN(CC1)CCc1c(C)nc2n(c1=O)CCCC2O,1.36
CNC1(CCCCC1=O)c1ccccc1Cl,0.447
OCC1OC(C(C1O)O)n1cnc(nc1=O)N,-0.444
CN(Cc1nnc2n1c1ccc(cc1C(=NC2)c1ccccc1)Cl)C,0.322
CCOC(=O)c1cncn1C(c1ccccc1)C,0.663
CCCCC1(CC)C(=O)NC(=O)NC1=O,1.57
Clc1cccc(c1)c1c(Cl)cccc1Cl,2.25
Clc1ccc(c(c1)Cl)C1(OCC(O1)COc1ccc(cc1)N1CCN(CC1)C(C)C)Cn1cncn1,0.839
CCCC(=O)OCOC(=O)C1=C(C)NC(=C(C1c1cccc(c1Cl)Cl)C(=O)OC)C,-0.523
O=C1C=C2C(=CC3C(C2(C2C1C2)C)CCC1(C3CCC1(O)C(=O)C)C)Cl,1.86
CC(=O)Oc1ccccc1C(=O)O,-0.585
ClC=C(Cl)Cl,1.6
O=C1NC(=O)C(S1)Cc1ccc(cc1)OCC1(C)CCc2c(O1)c(C)c(c(c2C)O)C,1.4
C1CCC(NC1)CC(C1CCCCC1)C1CCCCC1,1.98
CC(=O)OCC(CCn1cnc2c1nc(N)nc2)COC(=O)C,1.0
OC(=O)P(=O)(O)O,0.672
SC(C(C(=O)O)S)C(=O)O,1.68
NC(=O)CN1CC(CC1=O)O,0.875
COc1ccccc1N1CCN(CC1)CCCNc1cc(=O)n(c(=O)n1C)C,0.544
O=C1Nc2ccc(cc2C(=NC1O)c1ccccc1)Cl,0.826
CC(Cc1ccc(cc1)Cl)(N)C,1.6
ClCCN(c1ccc(cc1)CCCC(=O)O)CCCl,0.0414
CCCCC(CC=CC1C(O)CC(=O)C1CCCCCCC(=O)OC)(O)C,-0.301
OC(c1ccccc1)C(N)C,0.716
CCC#CC(C1(CC=C)C(=O)NC(=O)N(C1=O)C)C,0.204
Nc1nc(=O)n(cc1F)C1CSC(O1)CO,1.0
CN(C(=N)N=C(N)N)C,0.23
Clc1cc(Cl)c(c(c1c1c(Cl)cc(c(c1Cl)Cl)Cl)Cl)Cl,4.78
CCN(C(=O)N1CCN(CC1)C)CC,0.903
Clc1ccc2c(c1)c(cn2c1ccc(cc1)F)C1CCN(CC1)CCN1CCNC1=O,1.86
CN(CCOC(c1ccccc1C)c1ccccc1)C,1.22
CON=C(c1csc(n1)N)C(=O)NC1C(=O)N2C1SCC(=C2C(=O)OCOC(=O)C(C)(C)C)C=Cc1scnc1C,0.204
ClCCN(C(=O)Oc1ccc2c(c1)CCC1C2CCC2(C1CCC2OP(=O)(O)O)C)CCCl,0.38
CC1OC(C(C1O)O)n1cc(F)c(=O)[nH]c1=O,-0.456
Clc1c(Cl)cc(c(c1Cl)Cl)c1c(Cl)ccc(c1Cl)Cl,3.4
Clc1cc(Cl)c(c(c1)Cl)c1c(Cl)c(Cl)c(c(c1Cl)Cl)Cl,4.88
CCC1CN2CCC1CC2C(c1ccnc2c1cc(OC)cc2)O,0.756
CN(CCc1c[nH]c2c1cc(cc2)CS(=O)(=O)N1CCCC1)C,0.531
OCC1OC(C(C1O)O)c1scc(n1)C(=O)N,0.771
CCOC(=O)C1=CC(C(C(C1)N)NC(=O)C)OC(CC)CC,0.255
OC(=O)C(c1ccc(cc1)C(=O)c1cccs1)C,0.322
COc1ccc(cc1C(=O)NCCc1ccc(cc1)S(=O)(=O)NC(=O)NC1CCCCC1)Cl,0.342
C#CC1(O)CCC2C1(CC)CC(=C)C1C2CCC2=CC(=O)CCC12,1.4
CN1CCc2c3C1Cc1ccc(c(c1c3ccc2)O)O,-0.167
Clc1ccc(cc1)C(c1ccccc1)N1CCN(CC1)Cc1cccc(c1)C,0.778
NC(=O)CS(=O)C(c1ccccc1)c1ccccc1,1.0
Clc1cc(Cl)c(c(c1)Cl)c1cc(Cl)c(c(c1)Cl)Cl,4.94
Clc1c(Cl)cc(c(c1Cl)c1ccc(c(c1Cl)Cl)Cl)Cl,4.91
Clc1cc(Cl)c(cc1c1c(Cl)ccc(c1Cl)Cl)Cl,3.64
CC(=O)NCC1OC(=O)N(C1)c1ccc(c(c1)F)N1CCOCC1,0.653
O=C1CN=C(c2c(N1)ccc(c2)N(=O)=O)c1ccccc1,1.41
Cn1c(=O)n(C)c2c(c1=O)[nH]cn2,0.857
Cc1ccc(c(c1)C(c1ccccc1)CCN(C(C)C)C(C)C)O,0.38
OC(CC(CC(=O)O)O)CCn1c(C(C)C)c(c(c1c1ccc(cc1)F)c1ccccc1)C(=O)Nc1ccccc1,1.15
Clc1c(Cl)c(Cl)c(c(c1Cl)Cl)Cl,4.25
CC(=O)Nc1c(I)c(NC(=O)C)c(c(c1I)C(=O)O)I,0.255
CNC(C(c1ccccc1)O)C,1.1
CC12CC3CC(C1)(C)CC(C2)(C3)N,1.9
Oc1ccc(cc1)CC(C(=O)O)(N)C,0.55
CC(c1ccc(cc1)O)(c1ccc(cc1)O)C,0.301
Clc1cc2c(cc1Cl)oc1c2c(Cl)c(c(c1Cl)Cl)Cl,4.79
Clc1cccc(c1)c1cc(Cl)c(cc1Cl)Cl,2.28
CCC1(CCC(=O)NC1=O)c1ccccc1,1.04
C=CCC1(CC(C)C)C(=O)NC(=O)NC1=O,1.54
CCOC(=O)C1(CCN(CC1)C)c1ccccc1,0.898
Clc1ccc2c(c1)C(=NCc1n2cnn1)c1ccccc1,1.23
CC(Cc1ccc(cc1)O)NCC(c1cc(O)cc(c1)O)O,-0.0605
OC(COc1cccc2c1CC(O)C(C2)O)CNC(C)(C)C,0.964
ON(C(c1cc2c(s1)cccc2)C)C(=O)N,0.398
Clc1ccc(cc1)c1ccc(cc1)Cl,1.38
OC(=O)Cn1c2cc(n3cncc3)c(cc2[nH]c(=O)c1=O)N(=O)=O,-0.108
OC(=O)Cc1cccc(c1N)C(=O)c1ccc(cc1)Br,0.415
OC(=O)c1ccccc1Nc1cccc(c1C)C,0.301
CCOC(=O)C1C(CC2N(C1CC2)C)OC(=O)c1ccccc1,0.176
CC(Cc1ccccc1)N,0.863
COc1ccc(cc1OC)Cc1nccc2c1cc(OC)c(c2)OC,0.255
CCN(C(=O)Oc1cccc(c1)C(N(C)C)C)C,0.146
OC(c1cc(Cl)c(c(c1)Cl)N)CNC(C)(C)C,1.57
Brc1ccc(cc1)Oc1ccc(cc1Br)Br,4.42
OC(COc1cccc2c1c(=O)cc(o2)C(=O)O)COc1ccc2c(c1)c(=O)cc(o2)C(=O)O,0.114
OCC(COc1ccccc1OC)O,0.0
Clc1ccc2c(c1)C(=NCC(=S)N2CC(F)(F)F)c1ccccc1F,1.59
NC(=NC(=O)c1nc(Cl)c(nc1N)N)N,0.875
Clc1ccc(cc1Cl)c1ccc(c(c1)Cl)Cl,2.82
OC(COc1ccccc1C)CNCCOc1ccc(cc1)C(=O)N,0.398
O=C1Cc2ccccc2N(c2c1cccc2)C(=O)N,0.301
O=C(c1ccc(cc1)Cl)NCCN1CCOCC1,0.176
CON=C(c1csc(n1)N)C(=O)NC1C(=O)N2C1SCC(=C2C(=O)O)CSc1nc(=O)c(=O)[nH]n1C,0.934
NCC(c1ccc(cc1)Cl)CC(=O)O,0.179
OC(COc1nsnc1N1CCOCC1)CNC(C)(C)C,0.342
Clc1cc2c(cc1Cl)oc1c2c(Cl)c(c(c1)Cl)Cl,4.03
Clc1cc(c(c(c1Cl)Cl)Cl)c1c(Cl)c(Cl)c(c(c1Cl)Cl)Cl,5.67
CCCc1nn(c2c1[nH]c(nc2=O)c1cc(ccc1OCC)S(=O)(=O)N1CCN(CC1)C)C,0.591
COc1ccc(cc1C1(F)C(=O)Nc2c1ccc(c2)C(F)(F)F)Cl,1.57
Clc1ccc2c(c1)C(=NC(C(=O)N2C)O)c1ccccc1,1.18
CCC(=C)C(=O)c1ccc(c(c1Cl)Cl)OCC(=O)O,0.156
Clc1c(Cl)ccc(c1Cl)c1cc(Cl)c(c(c1)Cl)Cl,5.21
OC(COc1ccc(cc1)O)CNCCNC(=O)N1CCOCC1,0.886
COC1=CC(=O)CC(C21Oc1c(C2=O)c(OC)cc(c1Cl)OC)C,1.18
CC(=O)Oc1ccccc1C(=O)Nc1ncc(s1)N(=O)=O,0.544
FCOC(C(F)(F)F)C(F)(F)F,1.28
CN1CCN(CC1)C1=c2ccccc2=Nc2c(N1)cc(Cl)cc2,1.0
Cc1ncc(nc1)C(=O)NCCc1ccc(cc1)S(=O)(=O)NC(=O)NC1CCCCC1,0.519
Clc1cc2Oc3c(Oc2cc1Cl)c(Cl)c(c(c3Cl)Cl)Cl,4.93
Clc1cc(Cl)c(cc1c1cccc(c1Cl)Cl)Cl,3.78
Clc1ccc(cc1)c1cc(Cl)ccc1Cl,2.06
NCC1(CCCCC1)CC(=O)O,0.724
CN(CCC=C1c2ccccc2CCc2c1cccc2)C,1.23
OCC(=O)C1(O)C(O)CC2C1(C)CC(O)C1(C2CCC2=CC(=O)C=CC12C)F,0.166
N1CC2CC(C1)c1c2cc2c(c1)nccn2,1.38
NC(=O)c1ncn2c1nnn(c2=O)C,0.176
OC(=O)C1=CC2=CCC3C(C2(CC1)C)CCC1(C3CCC1C(=O)NC(C)(C)C)C,1.43
OC(=O)C1CCCN(C1)CCC=C(c1sccc1C)c1sccc1C,1.0
Cn1cnc(c1Sc1ncnc2c1[nH]cn2)N(=O)=O,0.699
CCC1(C(=O)NC(=O)NC1=O)c1ccccc1,2.0
O=C(N1CC(=O)N2C(C1)c1ccccc1CC2)C1CCCCC1,0.0607
OCCOCCN1CCN(CC1)C1=Nc2ccccc2Sc2c1cccc2,0.778
CON=C(c1csc(n1)N)C(=O)NC1C2SCC=C(N2C1=O)C(=O)O,0.176
ON=C(c1csc(n1)N)C(=O)NC1C(=O)N2C1SCC(=C2C(=O)O)C=C,0.23
Clc1cc(Cl)c(c(c1)c1c(Cl)c(Cl)c(c(c1Cl)Cl)Cl)Cl,5.08
Clc1cccc(c1)c1ccccc1Cl,1.78
CC(=O)SC1CC2=CC(=O)CCC2(C2C1C1CCC3(C1(CC2)C)CCC(=O)O3)C,-0.778
CCC(=O)OC(C(C)C)OP(=O)(CC(=O)N1CC(CC1C(=O)O)C1CCCCC1)CCCCc1ccccc1,1.08
COc1cc(Cc2cnc(nc2N)N)cc(c1OC)OC,0.982
O=C1CCC2(C(=C1)C1CC1C1C2CCC2(C1C1CC1C12CCC(=O)O1)C)C,1.48
Clc1cccc(c1)c1ccccc1,0.619
O=C1NC(=O)C(S1)Cc1ccc(cc1)OCCN(c1ccccn1)C,0.591
CC(C(=O)N)NC(=O)N(N=O)CCCl,0.0
C#CC1(O)CCC2C1(CC)CCC1C2CCC2=CC(=O)CCC12,0.973
OC(c1ccccc1)(C1CCCCC1)CCN1CCCC1,1.08
CSc1ccc2c(c1)N(CCC1CCCCN1C)c1c(S2)cccc1,1.36
CCCC(C1(CC)C(=O)NC(=S)NC1=O)C,0.301
Clc1cc(Cl)c(c(c1c1cc(Cl)c(c(c1Cl)Cl)Cl)Cl)Cl,5.01
Clc1cc(Cl)c(c(c1)c1c(Cl)ccc(c1Cl)Cl)Cl,3.31
CCOC(=O)c1ncn2c1CN(C)C(=O)c1c2ccc(c1)F,-0.108
CCCCNc1cc(cc(c1Oc1ccccc1)S(=O)(=O)N)C(=O)O,0.0792
CC(OC(=O)C(Oc1ccc(cc1)C(=O)c1ccc(cc1)Cl)(C)C)C,1.3
CCOc1ccc(cc1c1nc(=O)c2n([nH]1)c(CCC)nc2C)S(=O)(=O)N1CCN(CC1)CC,0.653
OCC1OC(OC2C(CO)OC(C(C2O)O)O)C(C(C1OC1OC(C)C(C(C1O)O)NC1C=C(CO)C(C(C1O)O)O)O)O,0.431
CC1N(C)CCOC1c1ccccc1,1.33
CCCNC(=O)NS(=O)(=O)c1ccc(cc1)Cl,1.66
COc1ccccc1OCC(COC(=O)N)O,0.0755
COC(=O)Nc1nc2c([nH]1)cc(cc2)C(=O)c1ccccc1,0.0414
CC(NC(=O)NS(=O)(=O)c1cnccc1Nc1cccc(c1)C)C,0.708
N#CC(=NNc1ccc(cc1)C1=NNC(=O)CC1C)C#N,0.0414
OC(=O)COCCN1CCN(CC1)C(c1ccc(cc1)Cl)c1ccccc1,0.919
COc1ccc2c3c1OC1C3(CCN(C2)C)C=CC(C1)O,0.724
CCOC(=O)C(NC(C(=O)N1C2CCCC2CC1C(=O)O)C)CCc1ccccc1,0.477
Clc1ccc(c(c1c1c(Cl)ccc(c1Cl)Cl)Cl)Cl,2.94
COc1c(OC)c(OC)cc2c1nc(nc2N)N1CCN(CC1)C(=O)OCC(O)(C)C,0.491
Clc1ccc2c(c1)C(=NCc1n2c(C)nc1)c1ccccc1F,0.491
CNCCCN1c2ccccc2CCc2c1cccc2,1.34
CC(=O)OC1CC2(C(C1=C(C(=O)O)CCC=C(C)C)CC(C1C2(C)CCC2C1(C)CCC(C2C)O)O)C,0.74
OCC(=O)C1(O)CCC2C1(C)CC(O)C1C2CC(C2=CC(=O)C=CC12C)C,0.362
O=C(C(c1cccnc1)(C)C)c1cccnc1,0.279
Clc1ccc(c(c1)Cl)c1cc(Cl)c(c(c1)Cl)Cl,4.59
CCN(CCNC(=O)c1cc(Cl)c(cc1OC)N)CC,0.857
OC(=O)CCc1nc(c(o1)c1ccccc1)c1ccccc1,1.74
Fc1ccc(cc1)C(c1ccc(cc1)F)N1CCN(CC1)CC=Cc1ccccc1,2.64
CCOC(=O)C=C(C=CC=C(C=Cc1c(C)cc(c(c1C)C)OC)C)C,3.46
C1CCC(CC1)(N1CCCCC1)c1ccccc1,1.2
CCCc1cc(=O)[nH]c(=S)[nH]1,0.114
Clc1cc(Cl)c(c(c1)Cl)c1ccccc1Cl,2.08
NNc1nncc2c1cccc2,-0.0177
CCOC(=O)C(Oc1ccc(cc1)Cl)(C)C,1.3
CCC#CCC(C(C#CC1C(O)CC2C1CC(=CCOCC(=O)O)C2)O)C,0.0414
O=C(NS(=O)(=O)c1ccc(cc1)C(=O)C)NC1CCCCC1,0.114
COC(=O)NC(C(C)(C)C)C(=O)NN(Cc1ccc(cc1)c1ccccn1)CC(C(Cc1ccccc1)NC(=O)C(C(C)(C)C)NC(=O)OC)O,0.845
CCN(CCNC(=O)c1ccc(cc1)N)CC,0.491
Fc1cc2c(cc1N1CCNCC1)n(cc(c2=O)C(=O)O)C1CC1,0.58
OCCn1c(C)ncc1N(=O)=O,0.851
Clc1ccc(cc1)c1c(Cl)cc(cc1Cl)Cl,3.48
Oc1ccc(cc1)C1CNCCc2c1cc(O)c(c2Cl)O,-1.08
Cc1ccc(cc1)C(=CCN1CCCC1)c1ccccn1,0.699
CCCN1C(=C(C(=O)ON2CCC(CC2)(c2ccccc2)c2ccccc2)C(C(=C1C)C(=O)OC)c1cccc(c1)N(=O)=O)C,1.34
COc1cc2nc(nc(c2cc1OC)N)N1CCN(CC1)C(=O)C1CCCO1,0.954
O=N(=O)c1ccccc1,1.78
CCN(CC#CCOC(=O)C(c1ccccc1)(C1CCCCC1)O)CC,0.857
Brc1ccc(c(c1)Br)Oc1ccc(cc1Br)Br,4.14
Clc1ccc2c(c1)C(=NCc1n2c(C)nn1)c1ccccc1Cl,0.431
CN1CCN(CC1)c1c(F)cc2c3c1OCC(n3cc(c2=O)C(=O)O)C,0.944
COc1cc2c(cc1O)CCNC12CSC2c3c(OC(=O)C)c(C)c4c(c3C(COC1=O)N1C2C2N(C(C1O)Cc1c2c(O)c(c(c1)C)OC)C)OCO4,1.64
COc1c(N2CC3C(C2)CCCN3)c(F)cc2c1n(cc(c2=O)C(=O)O)C1CC1,0.914
OCc1cc(ccc1O)C(CNC(C)(C)C)O,0.38
CC1Nc2cc(Cl)c(cc2C(=O)N1c1ccccc1C)S(=O)(=O)N,1.3
NC(=NN=Cc1c(Cl)cccc1Cl)N,0.778
CCN1CCN(C(=O)C1=O)C(=O)NC(c1ccc(cc1)O)C(=O)NC1C(=O)N2C1SCC(=C2C(=O)O)CSc1nnnn1C,0.255
Clc1cc(Cl)c(c(c1Cl)Cl)c1c(Cl)ccc(c1Cl)Cl,3.48
CCCCCCCCCC=CC=CC(=O)NCC(=O)NC1C(OC(C(C1O)O)Nc1ncnc2c1[nH]cn2)C(CO)O,0.114
Fc1ccc2c(c1)onc2C1CCN(CC1)CCc1c(C)nc2n(c1=O)CCCC2,0.505
O=C(C(c1ccccc1)NC(=O)N1CCNC1=O)NC1C(=O)N2C1SC(C2C(=O)O)(C)C,0.0792
COCCc1ccc(cc1)OCC(CNC(C)C)O,0.556
Clc1ccc(c(c1)c1cccc(c1)Cl)Cl,2.14
CNCCC(c1ccccc1)Oc1ccccc1C,0.716
OC(=O)COC1CCN(CC1)C(=O)C(NC(=O)c1ccc(cc1)C(=N)N)Cc1ccc(cc1)O,0.322
CON=C(c1csc(n1)N)C(=O)NC1C(=O)N2C1SCC(=C2C(=O)O)COC(=O)C,0.0792
CC1CCCC(N1CCCC(c1ccccn1)(c1ccccc1)O)C,0.924
CNCCC(c1ccccc1)Oc1ccc(cc1)C(F)(F)F,1.68
CCCCN(CCC(c1cc2c(Cl)cc(cc2c2c1ccc(c2)C(F)(F)F)Cl)O)CCCC,2.28
OCC(C(C1OC(=CC(C1NC(=O)C)N=C(N)N)C(=O)O)O)O,0.23
O=C(C(c1ccc(cc1)O)N)NC1C(=O)N2C1SCC(=C2C(=O)O)C,0.0414
Oc1ccc(cc1)C(C(=O)NC1C(=O)N2C1SCC(=C2C(=O)O)CSc1nnnn1C)NC(=O)c1c[nH]c(cc1=O)C,0.647
Clc1c(Cl)cccc1c1cc(Cl)c(c(c1)Cl)Cl,2.44
NCCCCC(C(=O)N1CCCC1C(=O)O)NC(C(=O)O)CCc1ccccc1,1.62
CON=C(c1csc(n1)N)C(=O)NC1C2SCC(=C(N2C1=O)C(=O)O)C,0.322
CN1CCCCC1CCN1c2ccccc2Sc2c1cc(cc2)S(=O)C,1.56
CC(C(=O)Nc1c(C)cccc1C)N,1.08
Cc1ccccc1C,1.59
N#Cc1cc(c2ccncc2)c([nH]c1=O)C,-0.0969
O=C(NC1C(=O)N2C1SCC(=C2C(=O)O)CSc1nnc(s1)C)Cn1cnnn1,0.23
CCCCCOC(=O)Nc1nc(=O)n(cc1F)C1OC(C(C1O)O)C,-0.125
OCC1OC(C(C1O)O)n1cnc(n1)C(=O)N,1.65
Clc1cccc(c1Cl)c1c(Cl)c(Cl)cc(c1Cl)Cl,3.48
N#Cc1ccc(cc1)C(n1cncn1)c1ccc(cc1)C#N,1.65
Clc1ccc(c(c1)Cl)c1c(Cl)c(Cl)cc(c1Cl)Cl,3.88
OC(=O)C1=CC(=NNc2ccc(c(c2)C(=O)O)O)C=CC1=O,-0.0458
CCCC(COC(=O)N)(COC(=O)NC(C)C)C,0.903
Cc1cc2c(cc1C(=C)c1ccc(cc1)C(=O)O)C(C)(C)CCC2(C)C,0.845
CCOC(=O)C(CCC1=CC=CC=C1)NC(C)C(=O)N2CC3=CC=CC=C3CC2C(=O)O,0.301
NC(=NCCCC(C(=O)N1CCC(CC1C(=O)O)C)NS(=O)(=O)c1cccc2c1NCC(C2)C)N,-0.398
Fc1ccc(cc1)C(=O)CCCN1CCC(CC1)n1c(=O)[nH]c2c1cccc2,0.763
CN1CCN(CC1)Cc1ccc(cc1)C(=O)Nc1ccc(c(c1)Nc1nccc(n1)c1cccnc1)C,1.34
Oc1ccc(cc1)C(C(N1CCC(CC1)(O)c1ccccc1)C)O,0.568
O=C(C(C)(C)C)OCOP(=O)(OCOC(=O)C(C)(C)C)COCCn1cnc2c1ncnc2N,0.874
OCC(=O)C12OC(OC1CC1C2(C)CC(O)C2(C1CC(C1=CC(=O)C=CC21C)F)F)(C)C,0.176
O=C1C=CC2(C(=C1)CCC1C2CCC2(C1CCC2O)C)C,2.53
CCCC1OC2C(O1)(C(=O)CO)C1(C(C2)C2CCC3=CC(=O)C=CC3(C2C(C1)O)C)C,0.447
OC(=O)CC1=C(C)C(=Cc2ccc(cc2)S(=O)C)c2c1cc(F)cc2,0.892
Clc1ccc(cc1)c1cc(Cl)c(c(c1)Cl)Cl,3.87
CC1NC(C)CN(C1)c1c(F)c(N)c2c(c1F)n(cc(c2=O)C(=O)O)C1CC1,1.3
OC(=O)C(c1ccc(cc1)C(CCCN1CCC(CC1)C(c1ccccc1)(c1ccccc1)O)O)(C)C,1.16
CNS(=O)(=O)Cc1ccc2c(c1)c(CCN(C)C)c[nH]2,0.23
COc1ccc2c3c1OC1C43CCN(C(C2)C4(O)CCC1=O)C,0.74
COCCCOc1cc(ccc1OC)CC(C(C)C)CC(C(CC(C(=O)NCC(C(=O)N)(C)C)C(C)C)O)N,1.38
CC(=O)OC1C=CC2C34C1Oc1c4c(CC2N(CC3)C)ccc1OC(=O)C,0.398
OCC1OC(C(C1O)O)n1cnc2c1nc(N)nc2OC,-0.301
Oc1ccc(cc1)C1C(CCC(c2ccc(cc2)F)O)C(=O)N1c1ccc(cc1)F,1.34
Brc1cc(Br)c(cc1Oc1cc(Br)c(cc1Br)Br)Br,4.72
O=C(C(c1ccccc1)C(=O)O)NC1C(=O)N2C1SC(C2C(=O)O)(C)C,0.0414
CCCCN1CC(O)C(C(C1CO)O)O,0.813
N#CC(c1cc(cc(c1)C(C#N)(C)C)Cn1ncnc1)(C)C,1.7
CC1NCCOC1c1ccccc1,1.37
Clc1ccc(c(c1)Cl)c1cc(Cl)ccc1Cl,3.02
CNCC(c1cccc(c1)O)O,0.439
CCNC(=O)CCCC=CCC1C(O)CC(C1C=CC(CCc1ccccc1)O)O,-0.125
CCCSc1ccc2c(c1)[nH]c(n2)NC(=O)OC,1.0
CCC(=O)OC1(C(C)CC2C1(C)CC(O)C1(C2CCC2=CC(=O)C=CC12C)Cl)C(=O)COC(=O)CC,-0.301
ClCCN(C(=O)Oc1ccc2c(c1)CCC1C2CCC2(C1CCC2O)C)CCCl,1.3
CC(CC1C(=O)N2CCCC2C2(N1C(=O)C(O2)(NC(=O)C1CN(C)C2C(=C1)c1cccc3c1c(C2)c([nH]3)Br)C(C)C)O)C,0.978
OC(=O)Cc1ccccc1Nc1c(Cl)cccc1Cl,0.146
COc1ccc2c(c1)c(CC(=O)O)c(n2C(=O)c1ccc(cc1)Cl)C,0.146
O=C1N(COP(=O)(O)O)C(=O)NC1(c1ccccc1)c1ccccc1,-0.602
CCC1(CC)C(=O)NCC(C1=O)C,1.04
O=C(Cc1c(Cl)cccc1Cl)N=C(N)N,1.18
Clc1ccc(c(c1c1c(Cl)cccc1Cl)Cl)Cl,2.18
COC(=O)C1(CCN(CC1)CCC(=O)OC)N(c1ccccc1)C(=O)CC,-0.0969
FC(Cl)(Cl)Cl,0.176
CC(c1cc(Br)c(c(c1)Br)O)(c1cc(Br)c(c(c1)Br)O)C,2.33
O=C1CCC2(C(=C1)CCC1C2CCC2(C1CCC2C(=O)C)C)C,1.65
c1ccc(cc1)Oc1ccccc1,1.92
CCOC(C(=O)O)Cc1ccc(cc1)OCCc1ccc(cc1)OS(=O)(=O)C,1.65
CC1Cc2c(N1NC(=O)c1ccc(c(c1)S(=O)(=O)N)Cl)cccc2,1.15
NNC(=O)c1ccncc1,0.0
O=C(C(c1ccccc1)O)NC1C(=O)N2C1SCC(=C2C(=O)O)CSc1nnnn1CS(=O)(=O)O,0.653
O=C(CC(C(=O)N(C1CC1)CC(=O)O)NS(=O)(=O)c1ccc2c(c1)cccc2)NCC1CCCN(C1)C(=N)N,0.279
OC(=O)C1CC(CN1C(=O)CP(=O)(CCCCc1ccccc1)O)C1CCCC1,0.973
CCCCc1ncc(n1Cc1ccc(cc1)C(=O)O)C=C(C(=O)O)Cc1cccs1,0.322
CCN1CC2CN(CC(C1)C2OC(=O)c1ccc(cc1)Cl)C,0.934
ClCCN(c1ccc(cc1)CC(C(=O)O)N)CCCl,0.0
Oc1cc(O)c2c(c1)oc(c(c2=O)O)c1ccc(c(c1)O)O,-0.222
CCC(n1ncn(c1=O)c1ccc(cc1)N1CCN(CC1)c1ccc(cc1)OCC1COC(O1)(Cn1cncn1)c1ccc(cc1Cl)Cl)C,1.4
Clc1c(Cl)cccc1c1c(Cl)ccc(c1Cl)Cl,3.61
O=C1OCC(=C1)C1CCC2(C1(C)C(O)CC1C2CCC2C1(C)CCC(C2)OC1CC(O)C(C(O1)C)OC1CC(O)C(C(O1)C)OC1CC(O)C(C(O1)C)O)O,1.58
CCC1(OCCc2c1[nH]c1c2cccc1CC)CC(=O)O,0.863
NC(=O)c1cnccn1,0.978
CCC1(CCC(=O)NC1=O)c1ccc(cc1)N,1.1
S=P(N1CC1)(N1CC1)N1CC1,0.431
CCC1(O)C(=O)OCc2c1cc1c3nc4ccc(c(c4cc3Cn1c2=O)CN(C)C)O,0.362
CCc1nccc(c1)C(=S)N,0.398
Clc1cc(Cl)c(c(c1)c1cc(Cl)c(c(c1Cl)Cl)Cl)Cl,5.83
CN(Cc1cccc2c1cccc2)CC=CC#CC(C)(C)C,1.56
Clc1ccc(c(c1)c1ccc(c(c1Cl)Cl)Cl)Cl,3.23
Clc1ccc(cc1)c1c(Cl)ccc(c1Cl)Cl,2.94
Clc1ccc2c(c1)C(=NC(C(=O)N2)O)c1ccccc1Cl,1.23
COCC(=O)OC1(CCN(CCCc2nc3c([nH]2)cccc3)C)CCc2c(C1C(C)C)ccc(c2)F,1.11
Clc1ccccc1CN1CCc2c(C1)ccs2,2.0
OC(=O)C(c1cccc(c1)Oc1ccccc1)C,0.477
CC#CC1(O)CCC2C1(C)CC(c1ccc(cc1)N(C)C)C1=C3CCC(=O)C=C3CCC21,1.26
CCCCCNC(=O)c1coc(n1)C1C2CCC(C1Cc1ccccc1CCC(=O)O)O2,1.34
O=C(C(c1ccc(cc1)O)N)NC1C(=O)N2C1SCC(=C2C(=O)O)CSc1c[nH]nn1,0.0792
Cc1cccc(c1)C,1.52
CCN1CCCC1CNC(=O)c1cc(ccc1OC)S(=O)(=O)N,0.845
OCCOc1nc(nc(c1Oc1ccccc1OC)NS(=O)(=O)c1ccc(cc1)C(C)(C)C)c1ncccn1,0.613
Clc1ccc(c(c1)Cl)c1cccc(c1)Cl,2.16
CCN1CCN(C(=O)C1=O)C(=O)NC(C(=O)NC1C(=O)N2C1SC(C2C(=O)O)(C)C)c1ccccc1,-0.0177
OC(CCc1ccccc1)CCC1C(O)CC(C1CC=CCCCC(=O)OC(C)C)O,-0.548
Clc1c(Cl)cc2c(c1Cl)Oc1c(O2)c(Cl)c(c(c1)Cl)Cl,5.39
OC(=O)C1=CC(=NNc2ccc(cc2)S(=O)(=O)Nc2ccccn2)C=CC1=O,0.875
CCn1nc(C(=O)O)c(=O)c2c1cc1OCOc1c2,0.176
NC1C2C1CN(C2)c1nc2c(cc1F)c(=O)c(cn2c1ccc(cc1F)F)C(=O)O,1.04
NC(=O)NO,0.531
CC(=O)Nc1ccc(cc1)O,0.398
Clc1cc(Cl)c(c(c1)Cl)c1ccccc1,1.88
COP(=S)(SCn1nnc2c(c1=O)cccc2)OC,1.48
O=C(C(c1cscc1)C(=O)O)NC1C(=O)N2C1SC(C2C(=O)O)(C)C,0.0
OCC(Cn1ccc(nc1=O)N)OCP(=O)(O)O,0.415
ClCCNP1(=O)OCCCN1CCCl,0.82
NC(=NCC1COC2(O1)CCCCC2)N,1.0
Clc1cc2c(c(c1Cl)Cl)oc1c2c(Cl)c(c(c1)Cl)Cl,4.94
Oc1ccccc1,0.544
Clc1ccc(cc1)c1cccc(c1)Cl,1.39
N#CC1=C(O)C2C3(C(C1)(C)C1CCC4(C(C1CC3)CCC4O)C)O2,0.903
CCOC(=O)N1CCC(=C2c3ccc(cc3CCc3c2nccc3)Cl)CC1,0.924
Clc1ccc(c(c1)Cl)C1(OCC(O1)COc1ccc(cc1)N1CCN(CC1)C(=O)C)Cn1cncc1,0.301
OCC1OC(CC1O)n1cnc(nc1=O)N,-0.237
Clc1ccc(c(c1)c1c(Cl)c(Cl)c(c(c1Cl)Cl)Cl)Cl,3.53
Nc1ncnc2c1ncn2CCOCP(=O)(O)O,0.204
O=C1CN=C(c2c(N1)ccc(c2)Cl)c1ccccc1Cl,2.3
Clc1c2Oc3c(Oc2c(c(c1Cl)Cl)Cl)c(Cl)c(c(c3Cl)Cl)Cl,4.82
CN1CCCC1Cc1c[nH]c2c1cc(cc2)CCS(=O)(=O)c1ccccc1,0.623
OC(=O)c1cc(N2CCCC2)c(c(c1)S(=O)(=O)N)Oc1ccccc1,0.114
OC(c1cc(nc2c1cccc2C(F)(F)F)C(F)(F)F)C1CCCCN1,2.7
Clc1cc(cc(c1Cl)Cl)c1cc(Cl)c(c(c1)Cl)Cl,4.87
NC(c1ccccc1)C(=O)NC1C2CCC(=C(N2C1=O)C(=O)O)Cl,0.0
CN(c1nc(nc(n1)N(C)C)N(C)C)C,0.872
NC(=O)OCC(c1ccccc1)COC(=O)N,1.33
CCN(CCNC(=O)c1ccc(cc1)NS(=O)(=O)C)CC,0.58
Clc1cc(Cl)c(c(c1)c1ccccc1)Cl,2.04
O=C1CN=C(c2c(N1)ccc(c2)Br)c1ccccn1,1.32
O=C(C1NCC(C1)SC1=C(C(=O)O)N2C(C1C)C(C2=O)C(O)C)Nc1cccc(c1)C(=O)O,0.58
Clc1ccc(c(c1)c1cc(Cl)c(c(c1)Cl)Cl)Cl,2.44
Clc1cccc(c1)c1ccc(c(c1)Cl)Cl,1.76
COc1cccc(c1)C1(O)CCCCC1CN(C)C,0.763
COC(=O)C1C(CC2N(C1CC2)C)OC(=O)c1ccccc1,-0.119
CC(C1CCC(CC1)C(=O)NC(C(=O)O)Cc1ccccc1)C,0.176
Clc1cc(Cl)c(c(c1)c1c(Cl)cc(c(c1Cl)Cl)Cl)Cl,4.64
CN(CCC=C1c2ccccc2Sc2c1cc(Cl)cc2)C,1.0
Oc1ccc2c(c1)C1(C)CCCCCC(C2)C1N,0.332
CCOc1cc(ccc1C(=O)O)CC(=O)NC(c1ccccc1N1CCCCC1)CC(C)C,-0.0605
CCNCC(c1cccc(c1)O)O,0.342
Clc1cc2c(c(c1Cl)Cl)oc1c2cc(Cl)c(c1Cl)Cl,4.43
OC(=O)CCCCCCNC1c2ccccc2CCc2c1cccc2,-0.125
Clc1ccccc1c1c(Cl)ccc(c1Cl)Cl,2.23
O=C1CCC2(C(=C1)C(C)CC1C2CCC2(C1CCC2(O)C(=O)C)C)C,1.32
COc1cc(cc(c1O)OC)C1C2C(=O)OCC2C(c2c1cc1OCOc1c2)OC1OC2COC(OC2C(C1O)O)c1cccs1,1.2
